outlet_id,outlet_code,outlet_name,legal_name,channel,outlet_format,city,state,region_id,pincode,latitude,longitude,route_id,salesperson_id,onboarded_date,credit_limit_inr,credit_terms_days,gst_number,storage_type,chiller_available,avg_monthly_footfall,contact_name,contact_phone,contact_email,last_audit_date,risk_flag,status,closed_date,is_deleted,created_at,updated_at
1,OUT00001,Anand Enterprises,,HORECA,CAFE,Guwahati,Assam,4,270904,29.596703,88.761554,132,91,2020-05-12,798000.0,14,06ABCDE1525F1Z0,AMBIENT,1,21009,Anil Dutta,9169852364,anil.dutta@example.com,2026-05-18,HIGH,ACTIVE,,0,2020-05-12 00:00:00,
2,OUT00002,Balaji Stores,,ECOM_DARKSTORE,DARKSTORE,Bangalore,Karnataka,2,202430,8.876569,77.158503,134,41,2022-12-19,160000.0,21,26ABCDE3911F1Z7,AMBIENT_CHILLED,0,3402,Farah Das,9168362521,,2026-03-14,LOW,ACTIVE,,0,2022-12-19 00:00:00,
3,OUT00003,Royal Supermarket,,GT,CHEMIST,Indore,Madhya Pradesh,5,114959,15.949353,77.831839,15,66,2024-07-19,612000.0,30,04ABCDE5571F1Z4,AMBIENT,1,9933,Ananya Reddy,9758056904,ananya.reddy@example.com,2025-03-16,MEDIUM,ACTIVE,,0,2024-07-19 00:00:00,
4,OUT00004,Sri Mart,,GT,CHEMIST,Gurugram,Haryana,3,525493,8.900343,88.278115,69,8,2022-07-06,160000.0,30,22ABCDE6663F1Z3,AMBIENT,0,15896,Vikram Chauhan,9718314897,vikram.chauhan@example.com,2026-05-13,MEDIUM,ACTIVE,,0,2022-07-06 00:00:00,
5,OUT00005,Nova Enterprises,,GT,GENERAL_STORE,Raipur,Chhattisgarh,5,175706,26.134764,73.981609,103,80,2020-02-11,429000.0,14,03ABCDE9696F1Z0,AMBIENT,1,11210,Suresh Reddy,9474772527,suresh.reddy@example.com,2026-01-12,HIGH,ACTIVE,,0,2020-02-11 00:00:00,
6,OUT00006,Shree Trading Co,,MT,MINI_MARKET,Pune,Maharashtra,1,367914,28.546438,74.710827,42,56,2022-04-24,514000.0,30,34ABCDE1539F1Z2,AMBIENT,0,15436,Vikram Bose,9397721451,vikram.bose@example.com,2025-01-02,LOW,ACTIVE,,0,2022-04-24 00:00:00,
7,OUT00007,Star Trading Co,,HORECA,CAFE,Chennai,Tamil Nadu,2,627825,14.11634,82.582933,71,77,2021-10-02,208000.0,30,07ABCDE4637F1Z2,AMBIENT,0,22975,Deepak Joshi,9657341377,deepak.joshi@example.com,2026-01-28,LOW,ACTIVE,,0,2021-10-02 00:00:00,
8,OUT00008,Sri Mart,,MT,SUPERMARKET,Indore,Madhya Pradesh,5,179705,29.197452,84.241861,64,48,2024-11-04,791000.0,30,37ABCDE3836F1Z8,AMBIENT,0,23051,Sanjay Dutta,9656832624,sanjay.dutta@example.com,2025-12-27,LOW,ACTIVE,,0,2024-11-04 00:00:00,
9,OUT00009,Anand Trading Co,,GT,CHEMIST,Kochi,Kerala,2,388510,29.890107,83.974157,74,75,2020-03-19,344000.0,7,11ABCDE1424F1Z0,AMBIENT,0,23123,Tara Chauhan,9646414391,tara.chauhan@example.com,2025-09-23,MEDIUM,DELETED,,1,2020-03-19 00:00:00,
10,OUT00010,Royal Enterprises,,GT,KIRANA,Hyderabad,Telangana,2,300700,32.440425,75.580308,67,61,2019-02-25,885000.0,14,23ABCDE2451F1Z6,AMBIENT_CHILLED,1,14314,Rahul Nair,9431117275,rahul.nair@example.com,2025-03-08,MEDIUM,ACTIVE,,0,2019-02-25 00:00:00,
11,OUT00011,Balaji Trading Co,,MT,SUPERMARKET,Bangalore,Karnataka,2,131397,19.611876,72.049621,102,77,2021-07-18,728000.0,45,12ABCDE9402F1Z3,AMBIENT,1,20451,Nisha Mehta,9764171046,nisha.mehta@example.com,2026-05-15,LOW,ACTIVE,,0,2021-07-18 00:00:00,
12,OUT00012,Metro Mart,,GT,KIRANA,Patna,Bihar,4,201880,19.931147,70.998884,140,39,2019-08-11,401000.0,21,02ABCDE3360F1Z5,AMBIENT,0,11209,Ritu Menon,9292915910,ritu.menon@example.com,2026-01-06,LOW,ACTIVE,,0,2019-08-11 00:00:00,
13,OUT00013,New Stores,,GT,KIRANA,Nagpur,Maharashtra,5,195289,23.020464,73.362808,33,52,2020-09-17,61000.0,45,06ABCDE9485F1Z4,AMBIENT,1,7457,Divya Khan,9377504162,divya.khan@example.com,2025-08-20,LOW,ACTIVE,,0,2020-09-17 00:00:00,
14,OUT00014,Star Supermarket,,HORECA,HOTEL,Chennai,Tamil Nadu,2,151213,23.913777,75.161394,68,26,2023-05-10,477000.0,30,11ABCDE1842F1Z4,AMBIENT,0,2775,Farah Nair,9873089711,farah.nair@example.com,2025-01-13,LOW,ACTIVE,,0,2023-05-10 00:00:00,
15,OUT00015,Balaji Provision,,GT,KIRANA,Hyderabad,Telangana,2,624148,30.150752,91.789456,66,41,2021-10-23,318000.0,45,18ABCDE2853F1Z0,AMBIENT,0,22271,Naveen Das,9902345551,naveen.das@example.com,2025-12-02,MEDIUM,ACTIVE,,0,2021-10-23 00:00:00,
16,OUT00016,Star Supermarket,,ECOM_DARKSTORE,DARKSTORE,Raipur,Chhattisgarh,5,508009,8.719627,89.459097,138,68,2019-12-20,847000.0,14,01ABCDE1264F1Z1,AMBIENT,0,21268,Leela Dutta,9395101258,leela.dutta@example.com,2025-03-01,HIGH,ACTIVE,,0,2019-12-20 00:00:00,
17,OUT00017,New Supermarket,,MT,MINI_MARKET,Nagpur,Maharashtra,5,159218,14.376232,70.05903,2,38,2022-06-01,509000.0,30,34ABCDE5992F1Z6,AMBIENT_CHILLED,0,22351,Rahul Ghosh,9825601120,,2025-07-10,LOW,ACTIVE,,0,2022-06-01 00:00:00,
18,OUT00018,Green Stores,,HORECA,HOTEL,Guwahati,Assam,4,340245,23.072563,79.332721,31,33,2023-07-18,468000.0,14,26ABCDE3218F1Z2,AMBIENT,1,20176,Farah Mehta,9228335709,farah.mehta@example.com,2026-01-06,LOW,DELETED,,1,2023-07-18 00:00:00,
19,OUT00019,Anand Provision,,HORECA,QSR,Nagpur,Maharashtra,5,556350,24.194177,83.237599,36,46,2019-02-13,334000.0,7,01ABCDE4640F1Z6,AMBIENT,0,8268,Leela Verma,9852747456,leela.verma@example.com,2025-01-07,MEDIUM,ACTIVE,,0,2019-02-13 00:00:00,
20,OUT00020,Nova Provision,,GT,KIRANA,Pune,Maharashtra,1,227018,10.061763,88.500792,79,5,2023-12-09,283000.0,7,25ABCDE3359F1Z3,AMBIENT_CHILLED,0,389,Nisha Ghosh,9751854501,nisha.ghosh@example.com,2025-11-20,LOW,ACTIVE,,0,2023-12-09 00:00:00,
21,OUT00021,Green Enterprises,,ECOM_DARKSTORE,DARKSTORE,Pune,Maharashtra,1,642606,12.185266,91.41117,66,49,2020-09-19,822000.0,14,04ABCDE3593F1Z0,AMBIENT,0,14213,Naveen Pillai,9478121003,naveen.pillai@example.com,2025-01-29,HIGH,ACTIVE,,0,2020-09-19 00:00:00,
22,OUT00022,Nova Stores,,HORECA,HOTEL,Patna,Bihar,4,113725,10.520319,72.676391,51,68,2019-09-12,408000.0,0,32ABCDE4517F1Z3,AMBIENT,1,1475,Deepak Mehta,9405880732,,2025-09-29,LOW,DELETED,,1,2019-09-12 00:00:00,
23,OUT00023,Sri Provision,,MT,MINI_MARKET,Jaipur,Rajasthan,3,764671,17.477488,69.818941,96,18,2019-12-18,260000.0,45,18ABCDE7994F1Z8,AMBIENT,1,12274,Ritu Bose,9242225284,ritu.bose@example.com,2025-09-24,HIGH,ACTIVE,,0,2019-12-18 00:00:00,
24,OUT00024,Sri Bazaar,,GT,GENERAL_STORE,Bengaluru,Karnataka,2,545443,20.52719,80.98147,45,93,2018-10-13,765000.0,21,30ABCDE6401F1Z0,AMBIENT,1,15940,Divya Menon,9619425985,divya.menon@example.com,2026-02-16,HIGH,ACTIVE,,0,2018-10-13 00:00:00,
25,OUT00025,New Mart,,GT,CHEMIST,Kolkata,West Bengal,4,566551,12.060779,82.821029,58,18,2021-05-16,90000.0,45,09ABCDE3052F1Z1,AMBIENT,0,24767,Tara Das,9205278724,tara.das@example.com,2026-04-26,LOW,ACTIVE,,0,2021-05-16 00:00:00,
26,OUT00026,Royal Bazaar,,GT,CHEMIST,Raipur,Chhattisgarh,5,667728,19.232386,78.784853,92,58,2024-05-18,432000.0,21,11ABCDE6487F1Z1,AMBIENT,0,10188,Divya Joshi,9848490799,divya.joshi@example.com,2025-09-10,LOW,CLOSED,2026-06-25,0,2024-05-18 00:00:00,
27,OUT00027,Green Supermarket,,ECOM_DARKSTORE,DARKSTORE,Ludhiana,Punjab,3,157205,15.398026,79.638062,107,79,2024-06-30,807000.0,45,21ABCDE6552F1Z3,AMBIENT,0,3294,Divya Bose,9112972780,divya.bose@example.com,2025-03-10,LOW,ACTIVE,,0,2024-06-30 00:00:00,
28,OUT00028,Balaji Stores,,HORECA,CAFE,New Delhi,Delhi,3,798386,18.774839,92.264087,107,80,2021-09-17,245000.0,14,14ABCDE6656F1Z3,AMBIENT,0,10342,Pooja Nair,9187331439,pooja.nair@example.com,2025-11-24,HIGH,ACTIVE,,0,2021-09-17 00:00:00,
29,OUT00029,Anand Supermarket,,GT,GENERAL_STORE,Jaipur,Rajasthan,3,566213,28.347098,87.092751,78,51,2020-06-19,512000.0,7,20ABCDE9362F1Z8,AMBIENT_CHILLED,0,10326,Leela Chauhan,9932168050,leela.chauhan@example.com,2025-06-04,LOW,ACTIVE,,0,2020-06-19 00:00:00,
30,OUT00030,Sri Enterprises,,HORECA,CAFE,Delhi,Delhi,3,271856,21.610732,71.940152,140,9,2021-10-10,789000.0,14,36ABCDE4862F1Z4,AMBIENT,1,13321,Imran Verma,9454329007,imran.verma@example.com,2026-03-14,LOW,CLOSED,2025-09-21,0,2021-10-10 00:00:00,
31,OUT00031,Metro Enterprises,,GT,GENERAL_STORE,Nagpur,Maharashtra,5,396161,31.466584,91.968448,16,50,2021-05-22,761000.0,7,23ABCDE9856F1Z2,AMBIENT,0,8649,Farah Nair,9109833325,,2025-09-15,LOW,ACTIVE,,0,2021-05-22 00:00:00,
32,OUT00032,Nova Mart,,HORECA,QSR,Surat,Gujarat,1,671543,10.233861,69.412109,78,57,2019-06-16,228000.0,45,05ABCDE8640F1Z7,AMBIENT,1,9558,Sneha Reddy,9463381951,sneha.reddy@example.com,2026-04-13,HIGH,ACTIVE,,0,2019-06-16 00:00:00,
33,OUT00033,Star Enterprises,,GT,GENERAL_STORE,Delhi,Delhi,3,545223,22.975671,70.918631,19,20,2022-09-24,124000.0,14,30ABCDE4548F1Z5,AMBIENT,0,2088,Ananya Bose,9281808087,ananya.bose@example.com,2025-05-29,HIGH,ACTIVE,,0,2022-09-24 00:00:00,
34,OUT00034,Sri Supermarket,,GT,GENERAL_STORE,Guwahati,Assam,4,349211,27.186107,69.098122,113,45,2019-10-20,132000.0,7,31ABCDE9754F1Z5,AMBIENT,0,7698,Tara Sharma,9232971687,tara.sharma@example.com,2025-06-02,LOW,ACTIVE,,0,2019-10-20 00:00:00,
35,OUT00035,Star Bazaar,,HORECA,CLOUD_KITCHEN,Nagpur,Maharashtra,5,540601,22.473647,86.803385,19,93,2022-12-16,710000.0,14,30ABCDE6255F1Z3,AMBIENT,0,19654,Naveen Dutta,9950205071,naveen.dutta@example.com,2026-05-07,LOW,ACTIVE,,0,2022-12-16 00:00:00,
36,OUT00036,Nova Enterprises,,HORECA,HOTEL,Jaipur,Rajasthan,3,613456,26.133277,86.227198,20,13,2018-06-13,770000.0,45,09ABCDE5876F1Z7,AMBIENT,0,22469,Naveen Dutta,9120106653,naveen.dutta@example.com,2026-02-24,LOW,ACTIVE,,0,2018-06-13 00:00:00,
37,OUT00037,Star Stores,,GT,KIRANA,Indore,Madhya Pradesh,5,650236,30.608329,91.397523,122,86,2023-04-29,166000.0,30,11ABCDE2812F1Z1,AMBIENT_CHILLED,0,10886,Leela Patel,9434233547,leela.patel@example.com,2026-01-08,MEDIUM,ACTIVE,,0,2023-04-29 00:00:00,
38,OUT00038,Green Mart,,ECOM_DARKSTORE,DARKSTORE,Surat,Gujarat,1,498919,19.101323,82.323034,66,23,2020-06-21,851000.0,30,25ABCDE5584F1Z4,AMBIENT_CHILLED,0,18668,Leela Ghosh,9746737005,leela.ghosh@example.com,2025-01-20,LOW,ACTIVE,,0,2020-06-21 00:00:00,
39,OUT00039,Sri Enterprises,,MT,SUPERMARKET,Patna,Bihar,4,760668,26.229128,79.468162,78,7,2020-08-20,770000.0,45,14ABCDE8164F1Z8,AMBIENT_CHILLED,1,15545,Rohit Kulkarni,9302112594,rohit.kulkarni@example.com,2026-04-21,LOW,DELETED,,1,2020-08-20 00:00:00,
40,OUT00040,Shree Mart,,GT,GENERAL_STORE,Indore,Madhya Pradesh,5,266826,16.236118,82.593359,120,28,2019-12-02,532000.0,14,35ABCDE7487F1Z1,AMBIENT,0,18175,Sneha Dutta,9623878254,sneha.dutta@example.com,2025-10-02,LOW,ACTIVE,,0,2019-12-02 00:00:00,
41,OUT00041,New Stores,,MT,MINI_MARKET,Hyderabad,Telangana,2,544136,29.988482,76.135226,50,73,2024-02-21,734000.0,0,16ABCDE8380F1Z8,AMBIENT,1,19086,Leela Dutta,9477109886,leela.dutta@example.com,2025-10-25,LOW,ACTIVE,,0,2024-02-21 00:00:00,
42,OUT00042,Nova Enterprises,,HORECA,CLOUD_KITCHEN,Raipur,Chhattisgarh,5,630968,24.589041,79.148405,104,17,2019-12-31,519000.0,45,02ABCDE9877F1Z4,AMBIENT,0,756,Rohit Sinha,9364111794,rohit.sinha@example.com,2025-12-18,LOW,ACTIVE,,0,2019-12-31 00:00:00,
43,OUT00043,Nova Provision,,GT,GENERAL_STORE,Chennai,Tamil Nadu,2,348014,22.278227,89.532302,25,78,2020-04-15,40000.0,7,11ABCDE2405F1Z4,AMBIENT,1,13195,Farah Rao,9680978621,farah.rao@example.com,2025-02-10,LOW,CLOSED,2025-06-30,0,2020-04-15 00:00:00,
44,OUT00044,Balaji Stores,,HORECA,CAFE,Hyderabad,Telangana,2,291842,17.169453,83.57042,115,15,2021-01-29,289000.0,45,01ABCDE6592F1Z3,AMBIENT_CHILLED,0,9585,Suresh Pillai,9691730635,suresh.pillai@example.com,2025-12-25,MEDIUM,ACTIVE,,0,2021-01-29 00:00:00,
45,OUT00045,New Trading Co,,HORECA,HOTEL,Hyderabad,Telangana,2,612193,20.476608,91.458488,139,68,2019-03-06,840000.0,45,16ABCDE7403F1Z3,AMBIENT,1,2667,Ananya Bose,9869734357,ananya.bose@example.com,2025-09-10,LOW,DELETED,,1,2019-03-06 00:00:00,
46,OUT00046,Royal Enterprises,,MT,SUPERMARKET,Chennai,Tamil Nadu,2,261219,24.428059,87.171894,27,63,2023-01-22,550000.0,45,22ABCDE4326F1Z5,AMBIENT_CHILLED,0,20713,Pooja Ghosh,9995265359,,2025-05-16,LOW,ACTIVE,,0,2023-01-22 00:00:00,
47,OUT00047,Green Trading Co,,GT,KIRANA,Kolkata,West Bengal,4,695735,17.807524,72.633918,64,69,2024-06-28,59000.0,21,05ABCDE5917F1Z4,AMBIENT,1,13555,Naveen Dutta,9113781526,naveen.dutta@example.com,2025-05-27,LOW,ACTIVE,,0,2024-06-28 00:00:00,
48,OUT00048,Metro Provision,,HORECA,CLOUD_KITCHEN,Surat,Gujarat,1,751761,13.984776,79.627899,89,11,2024-01-11,324000.0,21,10ABCDE3857F1Z8,AMBIENT,0,3800,Arjun Patel,9990919777,,2026-04-09,HIGH,ACTIVE,,0,2024-01-11 00:00:00,
49,OUT00049,Metro Trading Co,,GT,KIRANA,Gurugram,Haryana,3,666377,19.422263,71.789422,3,38,2022-08-22,480000.0,0,12ABCDE5357F1Z7,AMBIENT_CHILLED,1,12141,Naveen Mehta,9496358026,,2026-06-20,HIGH,ACTIVE,,0,2022-08-22 00:00:00,
50,OUT00050,Royal Enterprises,,GT,CHEMIST,Ludhiana,Punjab,3,362071,10.237276,80.245376,93,13,2018-07-14,103000.0,0,05ABCDE8036F1Z5,AMBIENT,1,5088,Nisha Reddy,9725548564,,2025-07-09,HIGH,ACTIVE,,0,2018-07-14 00:00:00,
51,OUT00051,Anand Bazaar,,MT,MINI_MARKET,Gurugram,Haryana,3,173444,30.889578,80.794507,3,59,2019-05-04,260000.0,45,03ABCDE2777F1Z3,AMBIENT,0,1068,Naveen Patel,9559592216,naveen.patel@example.com,2026-04-02,LOW,ACTIVE,,0,2019-05-04 00:00:00,
52,OUT00052,Royal Stores,,GT,KIRANA,Gurugram,Haryana,3,452330,10.632281,71.345187,130,30,2024-10-31,90000.0,45,35ABCDE7804F1Z5,AMBIENT,0,22313,Ananya Rao,9569007813,ananya.rao@example.com,2025-02-15,MEDIUM,ACTIVE,,0,2024-10-31 00:00:00,
53,OUT00053,Metro Trading Co,,MT,SUPERMARKET,Nagpur,Maharashtra,5,766109,24.233594,77.026279,126,90,2021-12-07,674000.0,21,29ABCDE4583F1Z6,AMBIENT,0,24929,Rohit Menon,9810660653,rohit.menon@example.com,2025-04-13,LOW,ACTIVE,,0,2021-12-07 00:00:00,
54,OUT00054,Star Mart,,ECOM_DARKSTORE,DARKSTORE,Mumbai,Maharashtra,1,479449,12.348525,75.439976,94,92,2022-08-12,171000.0,0,29ABCDE1574F1Z0,AMBIENT,1,9053,Deepak Dutta,9972913441,,2026-06-14,LOW,ACTIVE,,0,2022-08-12 00:00:00,
55,OUT00055,Metro Trading Co,,GT,KIRANA,Kochi,Kerala,2,777411,15.001425,88.844112,31,2,2021-10-04,573000.0,7,12ABCDE6233F1Z3,AMBIENT_CHILLED,0,16580,Arjun Reddy,9720411005,arjun.reddy@example.com,2025-11-28,MEDIUM,DELETED,,1,2021-10-04 00:00:00,
56,OUT00056,Balaji Stores,,GT,KIRANA,Patna,Bihar,4,715660,16.407184,69.458461,62,61,2020-01-13,210000.0,7,17ABCDE5774F1Z4,AMBIENT,0,15784,Imran Mehta,9226078475,,2025-01-30,HIGH,ACTIVE,,0,2020-01-13 00:00:00,
57,OUT00057,Royal Enterprises,,MT,HYPERMARKET,Ludhiana,Punjab,3,777213,25.735124,89.656992,60,78,2024-01-14,46000.0,0,23ABCDE1004F1Z4,AMBIENT_CHILLED,1,23827,Suresh Rao,9538229964,suresh.rao@example.com,2025-11-14,LOW,CLOSED,2025-12-03,0,2024-01-14 00:00:00,
58,OUT00058,New Provision,,GT,KIRANA,Patna,Bihar,4,732507,29.112836,88.389788,17,50,2020-07-24,640000.0,14,35ABCDE4487F1Z2,AMBIENT,0,19551,Leela Menon,9848050083,,2026-04-08,LOW,DELETED,,1,2020-07-24 00:00:00,
59,OUT00059,New Provision,,GT,GENERAL_STORE,Surat,Gujarat,1,167128,13.654516,71.784385,126,78,2023-08-26,684000.0,45,33ABCDE5660F1Z0,AMBIENT,0,21360,Suresh Nair,9292607750,suresh.nair@example.com,2026-01-05,LOW,ACTIVE,,0,2023-08-26 00:00:00,
60,OUT00060,Balaji Stores,,HORECA,QSR,Pune,Maharashtra,1,589851,11.12991,86.921305,85,40,2021-03-20,729000.0,7,08ABCDE3099F1Z5,AMBIENT,0,10118,Sanjay Joshi,9958675102,sanjay.joshi@example.com,2025-02-08,HIGH,ACTIVE,,0,2021-03-20 00:00:00,
61,OUT00061,Royal Supermarket,,ECOM_DARKSTORE,DARKSTORE,Gurugram,Haryana,3,357531,10.337223,72.512974,70,84,2023-12-03,394000.0,0,27ABCDE5495F1Z7,AMBIENT,1,19498,Pooja Patel,9277336679,pooja.patel@example.com,2026-03-05,LOW,CLOSED,2025-05-07,0,2023-12-03 00:00:00,
62,OUT00062,Balaji Bazaar,,GT,CHEMIST,Chennai,Tamil Nadu,2,590568,27.71782,74.492624,76,17,2022-02-14,496000.0,7,14ABCDE8914F1Z4,AMBIENT_CHILLED,0,24973,Divya Sharma,9906193828,divya.sharma@example.com,2025-07-25,LOW,ACTIVE,,0,2022-02-14 00:00:00,
63,OUT00063,Star Trading Co,,GT,CHEMIST,Surat,Gujarat,1,371611,24.570864,73.074826,107,86,2019-03-09,630000.0,14,01ABCDE2573F1Z6,AMBIENT_CHILLED,0,4328,Priya Ghosh,9528736594,priya.ghosh@example.com,2026-02-06,MEDIUM,ACTIVE,,0,2019-03-09 00:00:00,
64,OUT00064,Star Supermarket,,MT,MINI_MARKET,Patna,Bihar,4,678907,17.504726,81.660013,120,28,2019-03-08,703000.0,7,01ABCDE1691F1Z0,AMBIENT_CHILLED,0,24288,Rohit Ghosh,9945842265,rohit.ghosh@example.com,2025-03-30,LOW,ACTIVE,,0,2019-03-08 00:00:00,
65,OUT00065,Balaji Mart,,ECOM_DARKSTORE,DARKSTORE,Gurugram,Haryana,3,619712,19.61316,89.820858,11,94,2021-01-13,814000.0,21,06ABCDE6994F1Z2,AMBIENT,0,24098,Naveen Kulkarni,9407166906,naveen.kulkarni@example.com,2025-08-28,LOW,ACTIVE,,0,2021-01-13 00:00:00,
66,OUT00066,Star Enterprises,,HORECA,QSR,Bengaluru,Karnataka,2,255786,14.158804,81.028658,72,30,2021-05-20,590000.0,0,37ABCDE6479F1Z0,AMBIENT,0,16314,Suresh Ghosh,9372176908,suresh.ghosh@example.com,2025-03-12,HIGH,ACTIVE,,0,2021-05-20 00:00:00,
67,OUT00067,Royal Bazaar,,ECOM_DARKSTORE,DARKSTORE,Delhi,Delhi,3,793633,13.737373,87.698457,49,82,2021-05-14,885000.0,7,27ABCDE4712F1Z5,AMBIENT_CHILLED,0,11949,Arjun Sharma,9835420211,arjun.sharma@example.com,2026-04-11,LOW,ACTIVE,,0,2021-05-14 00:00:00,
68,OUT00068,Anand Supermarket,,MT,SUPERMARKET,Raipur,Chhattisgarh,5,324117,11.74572,73.867416,21,68,2020-07-07,768000.0,21,34ABCDE3145F1Z5,AMBIENT_CHILLED,0,4090,Divya Ghosh,9324336346,divya.ghosh@example.com,2025-12-13,LOW,ACTIVE,,0,2020-07-07 00:00:00,
69,OUT00069,Green Provision,,MT,MINI_MARKET,Kochi,Kerala,2,176973,20.94648,72.89174,60,80,2020-11-21,279000.0,30,08ABCDE6284F1Z3,AMBIENT_CHILLED,0,6112,Meera Bose,9772719549,meera.bose@example.com,2026-02-24,LOW,ACTIVE,,0,2020-11-21 00:00:00,
70,OUT00070,Royal Stores,,GT,GENERAL_STORE,Ludhiana,Punjab,3,412370,19.324128,82.061869,138,69,2024-04-08,859000.0,0,13ABCDE2706F1Z6,AMBIENT,1,18529,Ananya Khan,9375717088,,2025-08-12,LOW,ACTIVE,,0,2024-04-08 00:00:00,
71,OUT00071,Green Supermarket,,GT,KIRANA,Kochi,Kerala,2,273879,26.727494,78.088523,10,72,2018-07-01,146000.0,21,36ABCDE6366F1Z2,AMBIENT,0,3259,Sanjay Dutta,9740449394,sanjay.dutta@example.com,2025-12-08,LOW,ACTIVE,,0,2018-07-01 00:00:00,
72,OUT00072,Sri Mart,,HORECA,HOTEL,Delhi,Delhi,3,241269,22.694658,89.987819,27,14,2022-12-23,416000.0,21,06ABCDE5722F1Z6,AMBIENT,0,20479,Pooja Dutta,9522046139,pooja.dutta@example.com,2025-01-29,LOW,ACTIVE,,0,2022-12-23 00:00:00,
73,OUT00073,Balaji Trading Co,,GT,KIRANA,Raipur,Chhattisgarh,5,792765,15.925129,77.417134,49,54,2021-02-16,774000.0,7,28ABCDE8699F1Z1,AMBIENT_CHILLED,0,22672,Naveen Menon,9869967047,naveen.menon@example.com,2025-10-22,LOW,ACTIVE,,0,2021-02-16 00:00:00,
74,OUT00074,Anand Mart,,GT,CHEMIST,Hyderabad,Telangana,2,526341,14.899144,69.600232,105,19,2022-09-07,692000.0,14,25ABCDE1285F1Z5,AMBIENT,0,597,Sanjay Patel,9257658849,sanjay.patel@example.com,2025-10-29,LOW,ACTIVE,,0,2022-09-07 00:00:00,
75,OUT00075,Shree Provision,,GT,CHEMIST,Nagpur,Maharashtra,5,549009,15.644376,84.896415,42,14,2020-01-18,744000.0,21,33ABCDE2067F1Z4,AMBIENT_CHILLED,1,2858,Anil Nair,9772433291,,2025-03-07,LOW,ACTIVE,,0,2020-01-18 00:00:00,
76,OUT00076,Shree Stores,,GT,KIRANA,Kolkata,West Bengal,4,724021,14.093362,85.497406,2,31,2022-12-26,695000.0,21,11ABCDE4192F1Z7,AMBIENT,1,3025,Ananya Patel,9336093690,ananya.patel@example.com,2025-05-09,MEDIUM,ACTIVE,,0,2022-12-26 00:00:00,
77,OUT00077,Nova Provision,,HORECA,CAFE,Pune,Maharashtra,1,769171,28.162361,76.715184,83,53,2018-11-21,721000.0,14,16ABCDE7212F1Z3,AMBIENT,1,2953,Imran Menon,9627636069,imran.menon@example.com,2026-05-20,LOW,ACTIVE,,0,2018-11-21 00:00:00,
78,OUT00078,Balaji Trading Co,,HORECA,CAFE,Surat,Gujarat,1,437461,32.40053,78.574238,98,57,2022-03-01,808000.0,14,28ABCDE4059F1Z1,AMBIENT,0,5032,Anil Pillai,9964761770,anil.pillai@example.com,2026-04-04,LOW,ACTIVE,,0,2022-03-01 00:00:00,
79,OUT00079,Anand Provision,,HORECA,CAFE,Hyderabad,Telangana,2,418511,14.031159,80.744138,82,14,2022-09-10,566000.0,14,30ABCDE6357F1Z3,AMBIENT_CHILLED,0,14557,Ananya Ghosh,9497814985,ananya.ghosh@example.com,2026-01-28,MEDIUM,ACTIVE,,0,2022-09-10 00:00:00,
80,OUT00080,Balaji Stores,,GT,KIRANA,Bangalore,Karnataka,2,340073,23.463787,86.966781,90,58,2020-10-26,442000.0,21,10ABCDE3228F1Z7,AMBIENT,1,14310,Sneha Joshi,9488402992,sneha.joshi@example.com,2025-09-04,LOW,ACTIVE,,0,2020-10-26 00:00:00,
81,OUT00081,Shree Mart,,MT,MINI_MARKET,Hyderabad,Telangana,2,684170,15.834442,72.290612,125,4,2023-04-29,841000.0,45,18ABCDE8898F1Z5,AMBIENT_CHILLED,1,1869,Naveen Menon,9952593392,,2025-05-03,MEDIUM,ACTIVE,,0,2023-04-29 00:00:00,
82,OUT00082,Green Enterprises,,GT,CHEMIST,Indore,Madhya Pradesh,5,482400,26.104823,77.637831,73,68,2019-09-24,166000.0,30,18ABCDE2398F1Z1,AMBIENT,0,11728,Sanjay Rao,9458437174,sanjay.rao@example.com,2025-07-05,LOW,ACTIVE,,0,2019-09-24 00:00:00,
83,OUT00083,Anand Stores,,ECOM_DARKSTORE,DARKSTORE,Nagpur,Maharashtra,5,420608,20.091687,91.951486,108,61,2020-07-08,287000.0,45,27ABCDE3480F1Z4,AMBIENT,1,4627,Deepak Pillai,9681784612,deepak.pillai@example.com,2025-08-05,LOW,ACTIVE,,0,2020-07-08 00:00:00,
84,OUT00084,Shree Stores,,GT,GENERAL_STORE,Bengaluru,Karnataka,2,425051,31.435265,77.089434,29,26,2019-04-17,599000.0,45,32ABCDE5140F1Z4,AMBIENT_CHILLED,0,25195,Meera Rao,9124775049,meera.rao@example.com,2025-10-07,LOW,ACTIVE,,0,2019-04-17 00:00:00,
85,OUT00085,Green Provision,,MT,HYPERMARKET,Pune,Maharashtra,1,532891,26.609284,91.705578,85,54,2018-12-04,440000.0,21,03ABCDE3569F1Z0,AMBIENT_CHILLED,0,12747,Leela Ghosh,9973760008,leela.ghosh@example.com,2026-01-09,LOW,ACTIVE,,0,2018-12-04 00:00:00,
86,OUT00086,Shree Mart,,HORECA,QSR,Bangalore,Karnataka,2,489066,19.639433,89.128687,43,61,2018-09-29,630000.0,45,16ABCDE1541F1Z7,AMBIENT,0,10125,Tara Joshi,9835804788,tara.joshi@example.com,2025-11-16,LOW,ACTIVE,,0,2018-09-29 00:00:00,
87,OUT00087,Green Stores,,HORECA,HOTEL,Indore,Madhya Pradesh,5,239773,24.388011,73.920082,113,77,2022-02-24,168000.0,14,15ABCDE4060F1Z1,AMBIENT,0,16178,Arjun Reddy,9266422087,arjun.reddy@example.com,2026-01-01,MEDIUM,ACTIVE,,0,2022-02-24 00:00:00,
88,OUT00088,Anand Provision,,GT,KIRANA,Guwahati,Assam,4,586791,13.551995,91.558034,42,32,2024-02-10,291000.0,30,29ABCDE5913F1Z4,AMBIENT,0,25142,Ritu Mehta,9151330936,ritu.mehta@example.com,2025-04-23,LOW,CLOSED,2025-09-03,0,2024-02-10 00:00:00,
89,OUT00089,Metro Provision,,ECOM_DARKSTORE,DARKSTORE,Chennai,Tamil Nadu,2,324725,21.002125,86.662429,59,28,2022-09-26,100000.0,30,33ABCDE9683F1Z2,AMBIENT_CHILLED,1,9644,Rohit Chauhan,9829647279,rohit.chauhan@example.com,2025-08-26,HIGH,ACTIVE,,0,2022-09-26 00:00:00,
90,OUT00090,Star Trading Co,,HORECA,CLOUD_KITCHEN,Kolkata,West Bengal,4,421712,19.355479,82.700301,122,84,2023-10-02,464000.0,7,03ABCDE3160F1Z0,AMBIENT,0,12074,Imran Ghosh,9457236134,imran.ghosh@example.com,2025-04-29,LOW,ACTIVE,,0,2023-10-02 00:00:00,
91,OUT00091,Royal Stores,,GT,KIRANA,Delhi,Delhi,3,206997,32.479347,80.774144,8,88,2021-02-01,315000.0,21,37ABCDE2961F1Z4,AMBIENT,1,10118,Nisha Dutta,9535718888,nisha.dutta@example.com,2026-01-27,LOW,ACTIVE,,0,2021-02-01 00:00:00,
92,OUT00092,Royal Provision,,HORECA,HOTEL,Surat,Gujarat,1,352621,24.53192,91.493893,131,82,2020-03-28,102000.0,30,11ABCDE1293F1Z2,AMBIENT_CHILLED,0,17931,Imran Reddy,9521540670,imran.reddy@example.com,2025-04-16,LOW,ACTIVE,,0,2020-03-28 00:00:00,
93,OUT00093,Shree Bazaar,,GT,GENERAL_STORE,Patna,Bihar,4,588810,11.927955,73.401046,127,39,2021-04-16,797000.0,0,04ABCDE8662F1Z7,AMBIENT,1,13683,Nisha Pillai,9853904327,nisha.pillai@example.com,2025-12-21,MEDIUM,ACTIVE,,0,2021-04-16 00:00:00,
94,OUT00094,Shree Mart,,GT,GENERAL_STORE,Gurugram,Haryana,3,127825,18.386923,79.584856,4,31,2018-08-22,369000.0,21,08ABCDE1343F1Z0,AMBIENT,0,19223,Vikram Chauhan,9596748571,vikram.chauhan@example.com,2026-01-10,HIGH,ACTIVE,,0,2018-08-22 00:00:00,
95,OUT00095,Sri Provision,,GT,CHEMIST,Indore,Madhya Pradesh,5,261872,25.722598,91.861007,108,92,2022-12-06,604000.0,7,02ABCDE8536F1Z7,AMBIENT,0,18772,Deepak Kulkarni,9329512725,deepak.kulkarni@example.com,2025-08-04,HIGH,ACTIVE,,0,2022-12-06 00:00:00,
96,OUT00096,Sri Provision,,MT,SUPERMARKET,Nagpur,Maharashtra,5,170904,26.693607,77.031406,40,49,2023-08-23,412000.0,21,36ABCDE7684F1Z8,AMBIENT,1,3925,Naveen Sharma,9534718313,naveen.sharma@example.com,2025-08-24,LOW,ACTIVE,,0,2023-08-23 00:00:00,
97,OUT00097,Balaji Trading Co,,HORECA,HOTEL,Guwahati,Assam,4,701399,18.433171,75.424867,110,67,2023-02-25,250000.0,21,26ABCDE2264F1Z4,AMBIENT_CHILLED,1,16142,Priya Rao,9311973918,priya.rao@example.com,2025-07-16,LOW,ACTIVE,,0,2023-02-25 00:00:00,
98,OUT00098,New Bazaar,,GT,KIRANA,Raipur,Chhattisgarh,5,393261,30.671005,74.017152,114,90,2021-09-21,237000.0,0,33ABCDE8725F1Z7,AMBIENT,0,10270,Divya Bose,9587646462,divya.bose@example.com,2026-05-14,LOW,ACTIVE,,0,2021-09-21 00:00:00,
99,OUT00099,Green Enterprises,,GT,KIRANA,Mumbai,Maharashtra,1,158603,28.332436,77.323522,64,19,2019-03-05,475000.0,45,28ABCDE1443F1Z0,AMBIENT,0,22777,Sneha Rao,9792132575,,2026-02-26,HIGH,DELETED,,1,2019-03-05 00:00:00,
100,OUT00100,Metro Provision,,HORECA,HOTEL,Guwahati,Assam,4,419941,29.348829,71.348878,66,91,2020-06-25,547000.0,45,22ABCDE6213F1Z7,AMBIENT_CHILLED,1,14361,Kavya Patel,9996458004,kavya.patel@example.com,2025-03-28,MEDIUM,ACTIVE,,0,2020-06-25 00:00:00,
101,OUT00101,Anand Provision,,HORECA,CLOUD_KITCHEN,Hyderabad,Telangana,2,125875,17.007766,88.066092,34,24,2020-02-24,625000.0,7,09ABCDE6187F1Z7,AMBIENT,1,8465,Ananya Patel,9850391775,ananya.patel@example.com,2026-05-05,LOW,CLOSED,2025-05-14,0,2020-02-24 00:00:00,
102,OUT00102,Sri Stores,,GT,KIRANA,Guwahati,Assam,4,266117,22.681529,84.4502,107,25,2020-12-26,27000.0,0,37ABCDE4303F1Z6,AMBIENT,0,12971,Sneha Menon,9299747882,sneha.menon@example.com,2025-02-07,LOW,ACTIVE,,0,2020-12-26 00:00:00,
103,OUT00103,Nova Supermarket,,MT,MINI_MARKET,Gurugram,Haryana,3,250308,23.248254,82.897536,90,13,2024-06-13,877000.0,14,10ABCDE6963F1Z1,AMBIENT,0,1441,Deepak Sharma,9166914991,deepak.sharma@example.com,2026-02-11,MEDIUM,ACTIVE,,0,2024-06-13 00:00:00,
104,OUT00104,Balaji Bazaar,,GT,GENERAL_STORE,Gurugram,Haryana,3,258610,13.131469,87.127442,57,84,2024-02-13,642000.0,0,17ABCDE3999F1Z4,AMBIENT,0,7157,Imran Patel,9244691133,,2025-05-14,LOW,ACTIVE,,0,2024-02-13 00:00:00,
105,OUT00105,Royal Stores,,GT,CHEMIST,Indore,Madhya Pradesh,5,560853,23.124342,81.189042,65,61,2022-10-05,678000.0,21,02ABCDE1710F1Z6,AMBIENT,1,3991,Priya Sharma,9401615311,,2025-11-25,LOW,ACTIVE,,0,2022-10-05 00:00:00,
106,OUT00106,Balaji Supermarket,,GT,CHEMIST,Kolkata,West Bengal,4,738519,28.922461,71.587669,14,49,2021-06-07,496000.0,45,14ABCDE6221F1Z0,AMBIENT_CHILLED,0,13512,Farah Reddy,9870698199,farah.reddy@example.com,2025-05-04,LOW,ACTIVE,,0,2021-06-07 00:00:00,
107,OUT00107,Green Supermarket,,GT,GENERAL_STORE,Guwahati,Assam,4,427796,29.087796,83.951799,67,95,2024-11-20,852000.0,21,32ABCDE6719F1Z8,AMBIENT_CHILLED,1,19541,Vikram Menon,9984462358,,2026-03-11,HIGH,ACTIVE,,0,2024-11-20 00:00:00,
108,OUT00108,Balaji Provision,,GT,CHEMIST,Kochi,Kerala,2,605500,25.833627,90.133499,5,44,2024-11-01,133000.0,7,16ABCDE6955F1Z6,AMBIENT,0,21438,Rahul Mehta,9925627284,,2025-09-06,MEDIUM,ACTIVE,,0,2024-11-01 00:00:00,
109,OUT00109,Royal Trading Co,,MT,HYPERMARKET,Bangalore,Karnataka,2,125481,29.145302,68.833788,100,72,2019-05-02,392000.0,45,37ABCDE7015F1Z1,AMBIENT_CHILLED,1,18315,Anil Ghosh,9361316800,,2026-04-29,MEDIUM,ACTIVE,,0,2019-05-02 00:00:00,
110,OUT00110,Sri Supermarket,,GT,GENERAL_STORE,Chennai,Tamil Nadu,2,590460,19.791821,88.641312,98,20,2024-08-14,89000.0,14,32ABCDE3448F1Z7,AMBIENT,0,14028,Karthik Dutta,9106035430,karthik.dutta@example.com,2026-06-26,MEDIUM,ACTIVE,,0,2024-08-14 00:00:00,
111,OUT00111,Balaji Supermarket,,MT,SUPERMARKET,Delhi,Delhi,3,126600,23.302874,89.980992,96,17,2024-11-10,58000.0,7,37ABCDE4706F1Z5,AMBIENT,1,8244,Sneha Ghosh,9830662790,sneha.ghosh@example.com,2026-04-21,LOW,CLOSED,2025-12-15,0,2024-11-10 00:00:00,
112,OUT00112,Green Trading Co,,ECOM_DARKSTORE,DARKSTORE,Bengaluru,Karnataka,2,431350,29.154076,85.411297,92,81,2021-01-13,818000.0,21,02ABCDE6308F1Z3,AMBIENT,0,9023,Rohit Pillai,9146213167,rohit.pillai@example.com,2025-11-15,MEDIUM,ACTIVE,,0,2021-01-13 00:00:00,
113,OUT00113,Green Enterprises,,GT,KIRANA,Kochi,Kerala,2,173391,10.406014,84.971189,136,65,2022-01-05,461000.0,45,06ABCDE9518F1Z7,AMBIENT,1,15118,Ritu Reddy,9144433270,ritu.reddy@example.com,2026-06-18,LOW,ACTIVE,,0,2022-01-05 00:00:00,
114,OUT00114,Balaji Mart,,HORECA,CAFE,Surat,Gujarat,1,590609,11.540468,75.451456,5,30,2024-01-28,523000.0,30,34ABCDE3975F1Z7,AMBIENT,0,5584,Vikram Sinha,9966897302,vikram.sinha@example.com,2025-09-13,LOW,ACTIVE,,0,2024-01-28 00:00:00,
115,OUT00115,Anand Bazaar,,GT,KIRANA,Indore,Madhya Pradesh,5,747058,8.565412,74.965888,57,82,2022-10-24,567000.0,0,27ABCDE7388F1Z5,AMBIENT,0,9402,Rahul Das,9671838002,rahul.das@example.com,2025-06-20,HIGH,ACTIVE,,0,2022-10-24 00:00:00,
116,OUT00116,Nova Enterprises,,GT,CHEMIST,Kochi,Kerala,2,658619,27.871266,89.140457,72,40,2021-05-05,71000.0,30,05ABCDE2249F1Z4,AMBIENT_CHILLED,1,4745,Farah Patel,9351976962,,2025-08-07,LOW,ACTIVE,,0,2021-05-05 00:00:00,
117,OUT00117,Sri Provision,,GT,KIRANA,Delhi,Delhi,3,716980,12.103163,89.435577,60,81,2020-11-18,430000.0,45,13ABCDE7450F1Z0,AMBIENT,0,17837,Rohit Dutta,9642792606,rohit.dutta@example.com,2025-09-28,LOW,ACTIVE,,0,2020-11-18 00:00:00,
118,OUT00118,Star Provision,,MT,HYPERMARKET,Bengaluru,Karnataka,2,239445,16.186452,78.03658,128,58,2024-08-08,554000.0,21,23ABCDE2037F1Z0,AMBIENT,1,18641,Naveen Rao,9124400248,naveen.rao@example.com,2025-10-02,LOW,ACTIVE,,0,2024-08-08 00:00:00,
119,OUT00119,Nova Stores,,GT,KIRANA,Hyderabad,Telangana,2,365974,18.069454,83.18327,90,35,2022-11-14,560000.0,0,19ABCDE8368F1Z8,AMBIENT,1,9932,Nisha Khan,9166220692,nisha.khan@example.com,2026-03-16,LOW,ACTIVE,,0,2022-11-14 00:00:00,
120,OUT00120,Sri Supermarket,,ECOM_DARKSTORE,DARKSTORE,Indore,Madhya Pradesh,5,776317,32.189829,77.815061,4,67,2020-09-02,742000.0,14,09ABCDE7228F1Z4,AMBIENT,0,23434,Leela Bose,9243028922,leela.bose@example.com,2025-01-15,LOW,ACTIVE,,0,2020-09-02 00:00:00,
121,OUT00121,Nova Stores,,GT,CHEMIST,Mumbai,Maharashtra,1,671908,18.575329,75.761285,7,5,2022-03-30,344000.0,30,08ABCDE2944F1Z7,AMBIENT,0,3606,Suresh Reddy,9974323131,suresh.reddy@example.com,2025-12-16,LOW,DELETED,,1,2022-03-30 00:00:00,
122,OUT00122,Shree Provision,,HORECA,CAFE,Guwahati,Assam,4,521569,23.983591,86.792699,19,41,2020-07-07,51000.0,14,03ABCDE6386F1Z6,AMBIENT,0,15172,Ananya Kulkarni,9762198845,,2025-03-07,HIGH,DELETED,,1,2020-07-07 00:00:00,
123,OUT00123,Metro Provision,,HORECA,CAFE,Gurugram,Haryana,3,365668,25.166394,74.44026,40,62,2019-06-29,489000.0,14,24ABCDE3211F1Z0,AMBIENT,0,5058,Rahul Rao,9953867833,rahul.rao@example.com,2025-08-19,HIGH,ACTIVE,,0,2019-06-29 00:00:00,
124,OUT00124,Sri Mart,,ECOM_DARKSTORE,DARKSTORE,Kochi,Kerala,2,654492,12.531643,82.268669,46,61,2021-05-23,338000.0,21,22ABCDE9662F1Z5,AMBIENT,0,14519,Anil Patel,9485430810,anil.patel@example.com,2025-02-26,LOW,ACTIVE,,0,2021-05-23 00:00:00,
125,OUT00125,Anand Trading Co,,GT,CHEMIST,Nagpur,Maharashtra,5,519835,28.710068,86.04261,51,92,2024-01-13,277000.0,30,20ABCDE4971F1Z6,AMBIENT,1,14468,Nisha Verma,9947014531,nisha.verma@example.com,2026-05-25,LOW,ACTIVE,,0,2024-01-13 00:00:00,
126,OUT00126,New Bazaar,,GT,KIRANA,Patna,Bihar,4,739133,25.243558,69.313719,48,79,2023-10-22,284000.0,30,34ABCDE9290F1Z2,AMBIENT_CHILLED,1,22349,Sneha Chauhan,9594600291,sneha.chauhan@example.com,2026-01-24,LOW,ACTIVE,,0,2023-10-22 00:00:00,
127,OUT00127,Metro Supermarket,,ECOM_DARKSTORE,DARKSTORE,Kolkata,West Bengal,4,440794,23.297239,82.107028,32,28,2018-10-25,67000.0,0,31ABCDE2226F1Z4,AMBIENT,0,8221,Vikram Khan,9243658576,vikram.khan@example.com,2025-05-30,MEDIUM,ACTIVE,,0,2018-10-25 00:00:00,
128,OUT00128,Anand Enterprises,,MT,MINI_MARKET,Bengaluru,Karnataka,2,709761,12.51457,79.309665,6,1,2023-10-21,184000.0,30,25ABCDE2907F1Z1,AMBIENT,1,5872,Pooja Dutta,9871431346,,2025-02-15,HIGH,ACTIVE,,0,2023-10-21 00:00:00,
129,OUT00129,Nova Bazaar,,HORECA,QSR,Kolkata,West Bengal,4,766649,27.78838,79.755917,102,18,2019-10-19,335000.0,7,26ABCDE5465F1Z8,AMBIENT,0,9092,Arjun Sinha,9919339548,arjun.sinha@example.com,2026-02-02,HIGH,ACTIVE,,0,2019-10-19 00:00:00,
130,OUT00130,Star Enterprises,,GT,KIRANA,Surat,Gujarat,1,422413,24.108404,89.061083,97,37,2022-06-17,831000.0,30,28ABCDE5583F1Z5,AMBIENT_CHILLED,0,15000,Naveen Chauhan,9942348425,naveen.chauhan@example.com,2025-05-13,MEDIUM,ACTIVE,,0,2022-06-17 00:00:00,
131,OUT00131,Metro Provision,,GT,GENERAL_STORE,Chennai,Tamil Nadu,2,619579,9.25171,92.255752,71,67,2023-04-12,236000.0,0,08ABCDE4102F1Z4,AMBIENT,0,18229,Ananya Ghosh,9339555768,ananya.ghosh@example.com,2025-04-26,LOW,ACTIVE,,0,2023-04-12 00:00:00,
132,OUT00132,Sri Trading Co,,GT,KIRANA,Jaipur,Rajasthan,3,264863,11.383259,81.333822,51,39,2021-12-29,682000.0,30,33ABCDE3231F1Z0,AMBIENT,1,7303,Sanjay Chauhan,9168735824,,2026-04-16,MEDIUM,ACTIVE,,0,2021-12-29 00:00:00,
133,OUT00133,Green Supermarket,,HORECA,HOTEL,Kochi,Kerala,2,330357,11.83641,74.362141,27,28,2021-07-05,844000.0,21,31ABCDE1774F1Z5,AMBIENT,1,7806,Ananya Khan,9364971892,ananya.khan@example.com,2026-01-06,LOW,ACTIVE,,0,2021-07-05 00:00:00,
134,OUT00134,Royal Bazaar,,GT,CHEMIST,Raipur,Chhattisgarh,5,434628,11.227363,69.601501,21,94,2022-01-16,692000.0,7,05ABCDE4941F1Z3,AMBIENT,0,20822,Priya Mehta,9354639032,priya.mehta@example.com,2025-11-01,LOW,ACTIVE,,0,2022-01-16 00:00:00,
135,OUT00135,Metro Provision,,GT,GENERAL_STORE,Gurugram,Haryana,3,783629,26.784738,73.869005,74,84,2019-02-07,158000.0,7,35ABCDE3314F1Z6,AMBIENT,0,16000,Leela Reddy,9130917675,,2026-03-13,LOW,ACTIVE,,0,2019-02-07 00:00:00,
136,OUT00136,New Stores,,GT,GENERAL_STORE,Hyderabad,Telangana,2,419677,17.253659,78.287278,63,28,2022-04-28,351000.0,45,32ABCDE7303F1Z2,AMBIENT,1,3971,Arjun Joshi,9504712919,arjun.joshi@example.com,2025-01-29,LOW,ACTIVE,,0,2022-04-28 00:00:00,
137,OUT00137,Star Stores,,MT,MINI_MARKET,Indore,Madhya Pradesh,5,270735,27.118215,77.420784,78,63,2023-04-22,391000.0,14,20ABCDE3454F1Z4,AMBIENT,0,3633,Tara Bose,9330599319,,2026-06-08,LOW,ACTIVE,,0,2023-04-22 00:00:00,
138,OUT00138,Star Stores,,MT,HYPERMARKET,Kochi,Kerala,2,145548,26.227876,75.672495,39,45,2023-07-05,738000.0,21,02ABCDE1123F1Z8,AMBIENT_CHILLED,1,840,Sneha Ghosh,9873296698,sneha.ghosh@example.com,2026-03-20,LOW,CLOSED,2025-06-13,0,2023-07-05 00:00:00,
139,OUT00139,Sri Supermarket,,MT,MINI_MARKET,Kolkata,West Bengal,4,701054,24.78421,75.928525,93,56,2018-12-16,703000.0,21,17ABCDE5450F1Z6,AMBIENT,1,20684,Vikram Pillai,9400404019,vikram.pillai@example.com,2025-04-02,MEDIUM,ACTIVE,,0,2018-12-16 00:00:00,
140,OUT00140,Anand Stores,,GT,KIRANA,Indore,Madhya Pradesh,5,251831,15.751769,69.126899,115,70,2022-05-10,616000.0,45,18ABCDE9056F1Z0,AMBIENT,0,12712,Deepak Joshi,9911248385,deepak.joshi@example.com,2025-04-30,LOW,CLOSED,2026-02-21,0,2022-05-10 00:00:00,
141,OUT00141,Balaji Supermarket,,ECOM_DARKSTORE,DARKSTORE,Ludhiana,Punjab,3,680977,17.620115,89.720205,10,35,2023-10-21,748000.0,45,37ABCDE2469F1Z3,AMBIENT,0,909,Sneha Ghosh,9352241068,sneha.ghosh@example.com,2025-01-25,HIGH,ACTIVE,,0,2023-10-21 00:00:00,
142,OUT00142,Royal Trading Co,,HORECA,CAFE,Pune,Maharashtra,1,625955,15.101728,80.52843,136,68,2019-04-01,485000.0,0,29ABCDE9297F1Z4,AMBIENT,0,8164,Vikram Joshi,9343584815,vikram.joshi@example.com,2025-02-10,LOW,ACTIVE,,0,2019-04-01 00:00:00,
143,OUT00143,Sri Enterprises,,GT,CHEMIST,Kolkata,West Bengal,4,656011,22.587145,89.486464,12,30,2021-02-01,81000.0,0,12ABCDE7109F1Z8,AMBIENT_CHILLED,1,8599,Kavya Joshi,9703059392,kavya.joshi@example.com,2025-10-24,HIGH,DELETED,,1,2021-02-01 00:00:00,
144,OUT00144,Green Bazaar,,GT,GENERAL_STORE,Nagpur,Maharashtra,5,171175,20.470414,88.938079,22,88,2022-01-23,513000.0,30,37ABCDE2146F1Z0,AMBIENT_CHILLED,1,20071,Sneha Sinha,9814782292,,2025-08-24,LOW,ACTIVE,,0,2022-01-23 00:00:00,
145,OUT00145,Shree Bazaar,,GT,KIRANA,Kochi,Kerala,2,368511,32.030515,69.761513,67,16,2020-08-25,432000.0,21,16ABCDE9050F1Z4,AMBIENT,0,17313,Arjun Menon,9273605627,arjun.menon@example.com,2025-01-10,MEDIUM,ACTIVE,,0,2020-08-25 00:00:00,
146,OUT00146,Sri Mart,,GT,KIRANA,Delhi,Delhi,3,253096,29.341522,84.194483,105,28,2019-03-31,47000.0,0,06ABCDE9175F1Z7,AMBIENT_CHILLED,0,16688,Manoj Rao,9935267833,manoj.rao@example.com,2025-07-06,HIGH,ACTIVE,,0,2019-03-31 00:00:00,
147,OUT00147,Royal Enterprises,,GT,KIRANA,Guwahati,Assam,4,308878,12.727205,83.931339,67,1,2018-11-09,519000.0,30,05ABCDE6918F1Z6,AMBIENT,1,12524,Kavya Joshi,9260010016,kavya.joshi@example.com,2025-06-12,MEDIUM,DELETED,,1,2018-11-09 00:00:00,
148,OUT00148,Star Supermarket,,GT,CHEMIST,Jaipur,Rajasthan,3,219606,20.840498,80.672462,43,62,2020-09-17,430000.0,21,21ABCDE4249F1Z4,AMBIENT,0,15258,Priya Kulkarni,9479881133,priya.kulkarni@example.com,2025-03-06,LOW,ACTIVE,,0,2020-09-17 00:00:00,
149,OUT00149,Nova Provision,,GT,CHEMIST,Delhi,Delhi,3,420154,17.7373,75.380745,19,73,2023-05-20,112000.0,14,14ABCDE1665F1Z8,AMBIENT_CHILLED,0,8060,Naveen Rao,9674146960,,2026-01-25,MEDIUM,CLOSED,2025-12-25,0,2023-05-20 00:00:00,
150,OUT00150,Balaji Trading Co,,MT,HYPERMARKET,Nagpur,Maharashtra,5,716827,12.073065,75.553344,62,13,2024-02-28,221000.0,21,09ABCDE4574F1Z7,AMBIENT,0,12151,Naveen Das,9372036540,naveen.das@example.com,2025-06-07,LOW,ACTIVE,,0,2024-02-28 00:00:00,
151,OUT00151,Nova Enterprises,,MT,SUPERMARKET,Mumbai,Maharashtra,1,675994,26.437824,89.11393,115,79,2020-11-12,102000.0,0,21ABCDE8949F1Z1,AMBIENT,1,22414,Leela Patel,9946459144,,2025-06-15,MEDIUM,ACTIVE,,0,2020-11-12 00:00:00,
152,OUT00152,Metro Enterprises,,GT,KIRANA,Hyderabad,Telangana,2,609993,9.02807,71.113056,115,65,2019-12-05,191000.0,21,23ABCDE1115F1Z1,AMBIENT,0,9365,Farah Kulkarni,9867165300,farah.kulkarni@example.com,2026-06-23,LOW,ACTIVE,,0,2019-12-05 00:00:00,
153,OUT00153,Royal Provision,,GT,GENERAL_STORE,Mumbai,Maharashtra,1,510216,29.708754,92.031098,44,57,2021-08-03,879000.0,14,34ABCDE9864F1Z4,AMBIENT,0,6333,Pooja Patel,9779359628,pooja.patel@example.com,2025-03-09,MEDIUM,DELETED,,1,2021-08-03 00:00:00,
154,OUT00154,Green Supermarket,,HORECA,CAFE,Mumbai,Maharashtra,1,445995,23.311259,91.613232,129,75,2023-07-24,272000.0,7,04ABCDE4902F1Z2,AMBIENT,0,11703,Rohit Pillai,9862906511,rohit.pillai@example.com,2025-06-15,LOW,ACTIVE,,0,2023-07-24 00:00:00,
155,OUT00155,Balaji Trading Co,,ECOM_DARKSTORE,DARKSTORE,Jaipur,Rajasthan,3,234353,14.727967,86.01274,112,45,2021-10-20,53000.0,30,03ABCDE5811F1Z3,AMBIENT_CHILLED,0,2985,Arjun Ghosh,9846287053,arjun.ghosh@example.com,2026-06-30,MEDIUM,ACTIVE,,0,2021-10-20 00:00:00,
156,OUT00156,Anand Trading Co,,GT,KIRANA,Kochi,Kerala,2,385496,26.073212,82.769477,22,26,2021-09-11,885000.0,45,02ABCDE9781F1Z4,AMBIENT,1,4502,Sneha Das,9438743376,,2025-12-04,HIGH,ACTIVE,,0,2021-09-11 00:00:00,
157,OUT00157,Royal Bazaar,,HORECA,CAFE,Kochi,Kerala,2,742978,14.454473,81.336713,87,41,2021-03-21,379000.0,45,22ABCDE1540F1Z8,AMBIENT,0,12706,Kavya Bose,9359874542,kavya.bose@example.com,2026-05-15,LOW,ACTIVE,,0,2021-03-21 00:00:00,
158,OUT00158,Nova Enterprises,,HORECA,QSR,Kochi,Kerala,2,794683,15.687496,90.282657,82,78,2022-08-26,797000.0,21,16ABCDE4457F1Z1,AMBIENT,0,10733,Sanjay Menon,9452748603,sanjay.menon@example.com,2025-09-11,MEDIUM,ACTIVE,,0,2022-08-26 00:00:00,
159,OUT00159,New Trading Co,,GT,CHEMIST,Pune,Maharashtra,1,636761,17.689681,69.961905,58,31,2024-02-09,79000.0,30,03ABCDE9888F1Z4,AMBIENT,0,16258,Sneha Sharma,9749107770,sneha.sharma@example.com,2025-10-24,LOW,ACTIVE,,0,2024-02-09 00:00:00,
160,OUT00160,Nova Stores,,HORECA,QSR,Pune,Maharashtra,1,787122,31.94256,87.201768,29,90,2020-01-24,332000.0,14,06ABCDE5730F1Z6,AMBIENT,0,8934,Sanjay Ghosh,9316827739,sanjay.ghosh@example.com,2025-02-07,HIGH,ACTIVE,,0,2020-01-24 00:00:00,
161,OUT00161,Sri Mart,,MT,SUPERMARKET,Indore,Madhya Pradesh,5,375407,18.935868,90.053225,102,59,2024-08-07,181000.0,0,01ABCDE4742F1Z1,AMBIENT,1,3397,Arjun Sharma,9655806843,arjun.sharma@example.com,2025-02-25,LOW,ACTIVE,,0,2024-08-07 00:00:00,
162,OUT00162,Metro Supermarket,,MT,HYPERMARKET,Hyderabad,Telangana,2,339440,26.32084,83.295499,31,24,2020-01-28,872000.0,7,37ABCDE9181F1Z1,AMBIENT,0,18742,Divya Patel,9851026319,divya.patel@example.com,2025-04-13,LOW,ACTIVE,,0,2020-01-28 00:00:00,
163,OUT00163,Nova Mart,,GT,GENERAL_STORE,Chennai,Tamil Nadu,2,407789,19.951832,79.370183,13,5,2022-02-22,17000.0,30,37ABCDE8872F1Z5,AMBIENT,0,7416,Sanjay Joshi,9131134743,sanjay.joshi@example.com,2026-03-10,LOW,ACTIVE,,0,2022-02-22 00:00:00,
164,OUT00164,Sri Provision,,GT,KIRANA,Gurugram,Haryana,3,323523,8.870705,74.488417,139,63,2021-04-27,896000.0,0,28ABCDE8534F1Z8,AMBIENT,0,22904,Sanjay Verma,9503534651,sanjay.verma@example.com,2025-10-06,HIGH,ACTIVE,,0,2021-04-27 00:00:00,
165,OUT00165,Nova Trading Co,,GT,CHEMIST,Kolkata,West Bengal,4,788903,17.586373,70.67062,132,53,2020-05-29,286000.0,14,20ABCDE8289F1Z7,AMBIENT,0,3926,Sanjay Nair,9832447368,sanjay.nair@example.com,2025-12-15,LOW,ACTIVE,,0,2020-05-29 00:00:00,
166,OUT00166,Sri Mart,,GT,KIRANA,Chennai,Tamil Nadu,2,535570,24.603263,88.051585,32,42,2018-08-04,860000.0,0,29ABCDE3675F1Z8,AMBIENT_CHILLED,0,2953,Naveen Menon,9372402084,naveen.menon@example.com,2026-05-02,MEDIUM,ACTIVE,,0,2018-08-04 00:00:00,
167,OUT00167,Sri Supermarket,,GT,KIRANA,Bangalore,Karnataka,2,538528,32.18097,87.034937,54,9,2020-07-13,870000.0,21,18ABCDE3355F1Z6,AMBIENT,1,9498,Ritu Menon,9495994216,ritu.menon@example.com,2026-05-04,LOW,CLOSED,2025-10-06,0,2020-07-13 00:00:00,
168,OUT00168,Green Bazaar,,GT,KIRANA,Indore,Madhya Pradesh,5,515448,15.910888,86.069262,47,18,2019-05-18,483000.0,7,36ABCDE6532F1Z2,AMBIENT,0,5479,Nisha Menon,9598233696,nisha.menon@example.com,2025-02-10,HIGH,DELETED,,1,2019-05-18 00:00:00,
169,OUT00169,Balaji Enterprises,,GT,CHEMIST,Kolkata,West Bengal,4,367349,28.276769,88.018178,86,4,2024-11-07,825000.0,0,14ABCDE3409F1Z5,AMBIENT,0,11835,Ritu Mehta,9626069005,ritu.mehta@example.com,2026-06-26,LOW,ACTIVE,,0,2024-11-07 00:00:00,
170,OUT00170,Star Mart,,HORECA,CAFE,Guwahati,Assam,4,582012,13.659664,85.801554,128,48,2023-07-13,597000.0,45,32ABCDE7484F1Z3,AMBIENT,0,25877,Karthik Pillai,9139188699,karthik.pillai@example.com,2026-04-20,LOW,ACTIVE,,0,2023-07-13 00:00:00,
171,OUT00171,Balaji Stores,,GT,KIRANA,Surat,Gujarat,1,377739,29.624915,85.791641,1,19,2019-04-07,373000.0,0,25ABCDE6325F1Z3,AMBIENT,0,24525,Farah Pillai,9609098881,farah.pillai@example.com,2026-03-11,LOW,ACTIVE,,0,2019-04-07 00:00:00,
172,OUT00172,Royal Supermarket,,ECOM_DARKSTORE,DARKSTORE,Ludhiana,Punjab,3,137628,9.247475,74.769036,125,18,2020-05-22,21000.0,7,01ABCDE2781F1Z0,AMBIENT,0,24801,Tara Reddy,9727792603,tara.reddy@example.com,2025-10-04,LOW,ACTIVE,,0,2020-05-22 00:00:00,
173,OUT00173,Star Mart,,GT,GENERAL_STORE,Chennai,Tamil Nadu,2,664563,25.731528,87.668539,38,12,2019-10-14,618000.0,7,12ABCDE8302F1Z5,AMBIENT_CHILLED,1,24093,Sneha Khan,9829763249,sneha.khan@example.com,2025-09-26,LOW,ACTIVE,,0,2019-10-14 00:00:00,
174,OUT00174,Metro Supermarket,,GT,GENERAL_STORE,Bengaluru,Karnataka,2,691068,10.141747,79.265173,87,1,2018-09-11,402000.0,7,16ABCDE5881F1Z3,AMBIENT,0,24256,Deepak Joshi,9980217272,deepak.joshi@example.com,2026-05-08,HIGH,ACTIVE,,0,2018-09-11 00:00:00,
175,OUT00175,Shree Supermarket,,GT,GENERAL_STORE,New Delhi,Delhi,3,707686,20.012717,72.835168,106,19,2020-10-27,371000.0,7,03ABCDE1114F1Z8,AMBIENT,0,20583,Farah Menon,9887508867,farah.menon@example.com,2026-02-27,MEDIUM,ACTIVE,,0,2020-10-27 00:00:00,
176,OUT00176,Royal Enterprises,,GT,GENERAL_STORE,Kochi,Kerala,2,233516,25.689539,89.15292,9,76,2022-10-18,644000.0,7,07ABCDE4959F1Z5,AMBIENT_CHILLED,0,15938,Imran Rao,9866778506,imran.rao@example.com,2025-04-21,LOW,ACTIVE,,0,2022-10-18 00:00:00,
177,OUT00177,New Enterprises,,GT,CHEMIST,Chennai,Tamil Nadu,2,391641,27.435736,81.759208,1,84,2020-04-24,124000.0,30,28ABCDE4336F1Z7,AMBIENT,0,2674,Nisha Patel,9209302687,nisha.patel@example.com,2026-04-18,HIGH,ACTIVE,,0,2020-04-24 00:00:00,
178,OUT00178,Royal Trading Co,,GT,GENERAL_STORE,Surat,Gujarat,1,719852,19.036715,72.121756,34,44,2019-04-16,361000.0,14,25ABCDE5260F1Z2,AMBIENT,0,2883,Naveen Reddy,9877620764,naveen.reddy@example.com,2026-01-30,LOW,ACTIVE,,0,2019-04-16 00:00:00,
179,OUT00179,Sri Trading Co,,ECOM_DARKSTORE,DARKSTORE,Nagpur,Maharashtra,5,430750,28.572863,78.56106,39,38,2019-11-23,543000.0,0,22ABCDE3362F1Z4,AMBIENT,0,21161,Sanjay Pillai,9597433734,,2026-01-27,LOW,DELETED,,1,2019-11-23 00:00:00,
180,OUT00180,Balaji Mart,,GT,CHEMIST,Patna,Bihar,4,319371,27.353364,83.786219,76,26,2020-11-01,858000.0,7,18ABCDE3004F1Z6,AMBIENT,0,19118,Ananya Chauhan,9939518633,ananya.chauhan@example.com,2025-09-12,MEDIUM,ACTIVE,,0,2020-11-01 00:00:00,
181,OUT00181,Shree Supermarket,,GT,CHEMIST,Surat,Gujarat,1,509654,23.196667,75.731559,60,28,2021-01-01,727000.0,30,14ABCDE7396F1Z6,AMBIENT_CHILLED,1,1556,Sanjay Sinha,9385923190,,2025-01-02,MEDIUM,ACTIVE,,0,2021-01-01 00:00:00,
182,OUT00182,Star Supermarket,,HORECA,CAFE,Delhi,Delhi,3,799374,10.153972,83.195152,5,18,2023-04-18,91000.0,7,17ABCDE4878F1Z4,AMBIENT_CHILLED,0,19842,Arjun Verma,9786340985,arjun.verma@example.com,2025-06-24,LOW,ACTIVE,,0,2023-04-18 00:00:00,
183,OUT00183,Royal Bazaar,,GT,CHEMIST,Chennai,Tamil Nadu,2,294925,32.438502,77.358554,7,76,2020-04-27,456000.0,30,27ABCDE5445F1Z4,AMBIENT,0,25492,Meera Sinha,9999770281,meera.sinha@example.com,2025-05-10,HIGH,ACTIVE,,0,2020-04-27 00:00:00,
184,OUT00184,Balaji Mart,,GT,GENERAL_STORE,Hyderabad,Telangana,2,438141,17.263852,71.665363,26,6,2018-08-26,271000.0,7,25ABCDE8822F1Z7,AMBIENT_CHILLED,0,6698,Sanjay Joshi,9860058043,sanjay.joshi@example.com,2025-06-28,LOW,ACTIVE,,0,2018-08-26 00:00:00,
185,OUT00185,Star Bazaar,,GT,KIRANA,Nagpur,Maharashtra,5,242542,23.284286,81.752587,38,71,2020-10-10,551000.0,30,27ABCDE4565F1Z1,AMBIENT,1,18454,Sneha Joshi,9201240944,sneha.joshi@example.com,2025-09-28,LOW,ACTIVE,,0,2020-10-10 00:00:00,
186,OUT00186,Shree Bazaar,,ECOM_DARKSTORE,DARKSTORE,Bengaluru,Karnataka,2,499383,26.158177,73.502731,27,66,2022-08-02,685000.0,0,19ABCDE2327F1Z3,AMBIENT,0,15940,Ananya Khan,9806317301,ananya.khan@example.com,2025-05-08,MEDIUM,ACTIVE,,0,2022-08-02 00:00:00,
187,OUT00187,Royal Stores,,HORECA,HOTEL,Kolkata,West Bengal,4,333547,27.490605,68.903278,90,42,2018-07-14,51000.0,30,21ABCDE7751F1Z5,AMBIENT,0,1194,Arjun Bose,9375446216,arjun.bose@example.com,2025-08-21,LOW,DELETED,,1,2018-07-14 00:00:00,
188,OUT00188,Balaji Supermarket,,ECOM_DARKSTORE,DARKSTORE,Jaipur,Rajasthan,3,229549,28.455168,71.466676,65,52,2023-04-04,867000.0,7,28ABCDE3425F1Z6,AMBIENT,0,8508,Karthik Kulkarni,9430761542,karthik.kulkarni@example.com,2025-01-13,LOW,ACTIVE,,0,2023-04-04 00:00:00,
189,OUT00189,Metro Stores,,GT,CHEMIST,Delhi,Delhi,3,274276,32.303799,84.977937,92,17,2022-10-16,425000.0,0,01ABCDE9172F1Z7,AMBIENT,0,334,Sneha Sharma,9898494618,sneha.sharma@example.com,2026-04-04,LOW,ACTIVE,,0,2022-10-16 00:00:00,
190,OUT00190,Sri Supermarket,,MT,SUPERMARKET,Mumbai,Maharashtra,1,456875,26.70323,77.51354,5,44,2023-10-08,780000.0,7,33ABCDE3646F1Z8,AMBIENT_CHILLED,0,11398,Meera Reddy,9170324225,meera.reddy@example.com,2026-04-09,LOW,CLOSED,2025-07-30,0,2023-10-08 00:00:00,
191,OUT00191,Sri Trading Co,,HORECA,HOTEL,Kochi,Kerala,2,348069,19.380153,75.62142,111,28,2020-04-13,54000.0,30,03ABCDE4221F1Z4,AMBIENT,1,1169,Naveen Sharma,9409991478,naveen.sharma@example.com,2025-02-10,MEDIUM,CLOSED,2026-03-06,0,2020-04-13 00:00:00,
192,OUT00192,Metro Trading Co,,GT,GENERAL_STORE,Indore,Madhya Pradesh,5,354659,14.789985,86.51043,44,91,2024-02-15,342000.0,21,11ABCDE1137F1Z2,AMBIENT,0,5397,Divya Sharma,9765119617,divya.sharma@example.com,2026-06-17,LOW,ACTIVE,,0,2024-02-15 00:00:00,
193,OUT00193,New Stores,,HORECA,HOTEL,Mumbai,Maharashtra,1,496101,13.896256,90.630431,90,44,2023-01-26,418000.0,30,05ABCDE8617F1Z2,AMBIENT,0,1939,Divya Dutta,9915511375,divya.dutta@example.com,2025-06-18,HIGH,ACTIVE,,0,2023-01-26 00:00:00,
194,OUT00194,Star Mart,,ECOM_DARKSTORE,DARKSTORE,Chennai,Tamil Nadu,2,764174,15.598074,87.132908,105,77,2024-02-04,869000.0,45,05ABCDE1790F1Z2,AMBIENT,1,11332,Vikram Menon,9816946138,vikram.menon@example.com,2025-06-29,MEDIUM,ACTIVE,,0,2024-02-04 00:00:00,
195,OUT00195,New Stores,,MT,HYPERMARKET,Nagpur,Maharashtra,5,647416,18.226887,69.721388,93,40,2022-10-12,138000.0,30,28ABCDE5870F1Z7,AMBIENT,0,16883,Nisha Chauhan,9383653692,,2025-01-14,LOW,ACTIVE,,0,2022-10-12 00:00:00,
196,OUT00196,Star Trading Co,,GT,GENERAL_STORE,Pune,Maharashtra,1,609063,28.526152,77.789355,14,17,2024-10-14,713000.0,7,29ABCDE9751F1Z0,AMBIENT,0,2216,Divya Mehta,9490131119,divya.mehta@example.com,2026-01-23,HIGH,ACTIVE,,0,2024-10-14 00:00:00,
197,OUT00197,Green Enterprises,,GT,KIRANA,Ludhiana,Punjab,3,187208,31.260264,72.919647,97,94,2018-11-01,678000.0,45,06ABCDE3852F1Z2,AMBIENT,0,5544,Sneha Rao,9928513842,,2026-05-26,LOW,CLOSED,2026-02-09,0,2018-11-01 00:00:00,
198,OUT00198,Green Stores,,GT,CHEMIST,Pune,Maharashtra,1,125545,11.873457,69.903335,122,88,2022-09-08,880000.0,7,18ABCDE4977F1Z8,AMBIENT,0,21382,Tara Pillai,9649031889,tara.pillai@example.com,2025-09-09,LOW,DELETED,,1,2022-09-08 00:00:00,
199,OUT00199,Nova Mart,,MT,MINI_MARKET,Chennai,Tamil Nadu,2,128237,14.874106,76.611562,88,56,2021-12-30,531000.0,30,10ABCDE1802F1Z4,AMBIENT,0,18060,Nisha Sharma,9955487774,nisha.sharma@example.com,2025-03-30,LOW,ACTIVE,,0,2021-12-30 00:00:00,
200,OUT00200,Metro Enterprises,,HORECA,CAFE,Pune,Maharashtra,1,556380,9.770691,79.284412,23,84,2024-07-20,485000.0,21,22ABCDE6821F1Z1,AMBIENT,0,21067,Sneha Das,9778999473,sneha.das@example.com,2026-06-07,LOW,ACTIVE,,0,2024-07-20 00:00:00,
201,OUT00201,Royal Enterprises,,MT,HYPERMARKET,Bengaluru,Karnataka,2,641410,22.730026,76.978693,72,65,2024-03-16,358000.0,0,15ABCDE1765F1Z8,AMBIENT_CHILLED,0,19899,Sanjay Kulkarni,9405098485,,2026-03-15,MEDIUM,ACTIVE,,0,2024-03-16 00:00:00,
202,OUT00202,New Enterprises,,GT,KIRANA,Kochi,Kerala,2,458576,31.784297,87.880904,5,82,2020-05-20,796000.0,30,27ABCDE5400F1Z7,AMBIENT,1,13961,Kavya Dutta,9430884177,kavya.dutta@example.com,2025-05-12,LOW,ACTIVE,,0,2020-05-20 00:00:00,
203,OUT00203,New Bazaar,,GT,KIRANA,Mumbai,Maharashtra,1,350042,20.072041,91.484707,9,4,2023-01-29,791000.0,30,13ABCDE9709F1Z8,AMBIENT,1,5763,Arjun Joshi,9138171738,arjun.joshi@example.com,2025-06-08,LOW,ACTIVE,,0,2023-01-29 00:00:00,
204,OUT00204,Shree Enterprises,,ECOM_DARKSTORE,DARKSTORE,Delhi,Delhi,3,146881,17.784859,76.572346,105,85,2021-05-28,672000.0,0,23ABCDE7161F1Z8,AMBIENT,0,21306,Kavya Nair,9535352956,kavya.nair@example.com,2025-08-02,LOW,ACTIVE,,0,2021-05-28 00:00:00,
205,OUT00205,Nova Bazaar,,GT,CHEMIST,Patna,Bihar,4,673932,13.535893,90.426979,62,49,2020-03-08,868000.0,0,04ABCDE2975F1Z0,AMBIENT,0,16086,Ananya Nair,9889454047,ananya.nair@example.com,2025-06-18,HIGH,ACTIVE,,0,2020-03-08 00:00:00,
206,OUT00206,Royal Mart,,HORECA,CLOUD_KITCHEN,Pune,Maharashtra,1,213088,21.470141,77.179407,38,72,2019-03-31,182000.0,7,36ABCDE1073F1Z1,AMBIENT,0,24380,Pooja Joshi,9135897353,,2026-05-15,LOW,ACTIVE,,0,2019-03-31 00:00:00,
207,OUT00207,Metro Supermarket,,GT,CHEMIST,Mumbai,Maharashtra,1,740329,20.495117,68.727345,99,36,2019-08-01,680000.0,45,20ABCDE5061F1Z2,AMBIENT,0,2501,Imran Kulkarni,9997093491,imran.kulkarni@example.com,2026-06-05,LOW,ACTIVE,,0,2019-08-01 00:00:00,
208,OUT00208,New Trading Co,,MT,MINI_MARKET,Nagpur,Maharashtra,5,319722,20.287177,68.863885,114,8,2019-02-19,87000.0,0,33ABCDE8777F1Z2,AMBIENT_CHILLED,0,24124,Sanjay Dutta,9226919943,sanjay.dutta@example.com,2025-12-27,HIGH,ACTIVE,,0,2019-02-19 00:00:00,
209,OUT00209,Balaji Stores,,GT,CHEMIST,Bangalore,Karnataka,2,508482,28.764304,92.436595,93,25,2019-07-14,874000.0,45,23ABCDE4525F1Z2,AMBIENT,0,22633,Manoj Sharma,9750060527,manoj.sharma@example.com,2025-03-22,LOW,ACTIVE,,0,2019-07-14 00:00:00,
210,OUT00210,Metro Stores,,HORECA,QSR,Kochi,Kerala,2,795451,25.944981,89.744958,103,48,2024-02-09,236000.0,30,08ABCDE1488F1Z5,AMBIENT,1,16652,Naveen Sharma,9997360781,naveen.sharma@example.com,2026-03-15,LOW,ACTIVE,,0,2024-02-09 00:00:00,
211,OUT00211,New Enterprises,,GT,CHEMIST,Nagpur,Maharashtra,5,688601,29.388405,79.867911,30,14,2024-10-03,499000.0,21,20ABCDE8916F1Z3,AMBIENT_CHILLED,0,4586,Rohit Pillai,9731241901,rohit.pillai@example.com,2025-10-03,HIGH,ACTIVE,,0,2024-10-03 00:00:00,
212,OUT00212,Sri Enterprises,,GT,GENERAL_STORE,Indore,Madhya Pradesh,5,281730,24.703702,88.968368,26,19,2020-10-13,395000.0,30,02ABCDE3546F1Z2,AMBIENT,0,13879,Farah Sharma,9620179363,farah.sharma@example.com,2026-05-26,LOW,ACTIVE,,0,2020-10-13 00:00:00,
213,OUT00213,Metro Trading Co,,ECOM_DARKSTORE,DARKSTORE,Surat,Gujarat,1,523850,18.090545,77.115793,84,7,2020-09-10,455000.0,30,01ABCDE9287F1Z4,AMBIENT,0,15580,Suresh Bose,9364017736,suresh.bose@example.com,2025-08-29,LOW,CLOSED,2025-12-13,0,2020-09-10 00:00:00,
214,OUT00214,Star Trading Co,,MT,HYPERMARKET,Pune,Maharashtra,1,585801,11.443042,76.025899,11,3,2020-03-27,258000.0,21,27ABCDE6886F1Z1,AMBIENT,0,7007,Priya Mehta,9240316615,priya.mehta@example.com,2025-07-29,LOW,ACTIVE,,0,2020-03-27 00:00:00,
215,OUT00215,Shree Enterprises,,GT,KIRANA,Bengaluru,Karnataka,2,447828,9.517062,85.273559,135,16,2023-09-29,867000.0,30,01ABCDE3217F1Z1,AMBIENT_CHILLED,1,23959,Meera Pillai,9171006779,meera.pillai@example.com,2026-04-08,MEDIUM,ACTIVE,,0,2023-09-29 00:00:00,
216,OUT00216,Nova Trading Co,,GT,GENERAL_STORE,Gurugram,Haryana,3,371029,27.665747,84.69465,29,6,2020-01-23,526000.0,30,04ABCDE7925F1Z8,AMBIENT,1,12625,Naveen Dutta,9987095346,naveen.dutta@example.com,2026-06-14,LOW,DELETED,,1,2020-01-23 00:00:00,
217,OUT00217,New Stores,,HORECA,CLOUD_KITCHEN,Ludhiana,Punjab,3,367095,32.231576,90.302125,109,84,2019-05-21,507000.0,0,13ABCDE4751F1Z2,AMBIENT,1,13432,Meera Bose,9941008096,meera.bose@example.com,2025-06-29,LOW,ACTIVE,,0,2019-05-21 00:00:00,
218,OUT00218,Star Mart,,GT,CHEMIST,Raipur,Chhattisgarh,5,504790,15.909025,84.754907,51,31,2023-04-23,270000.0,0,15ABCDE2614F1Z5,AMBIENT_CHILLED,1,23741,Vikram Das,9968124496,vikram.das@example.com,2025-06-06,LOW,ACTIVE,,0,2023-04-23 00:00:00,
219,OUT00219,Balaji Mart,,GT,KIRANA,Kolkata,West Bengal,4,185586,11.146563,84.059807,73,44,2021-07-23,821000.0,0,34ABCDE3260F1Z0,AMBIENT,0,18112,Leela Chauhan,9875979226,leela.chauhan@example.com,2026-03-07,LOW,ACTIVE,,0,2021-07-23 00:00:00,
220,OUT00220,Metro Provision,,GT,CHEMIST,Surat,Gujarat,1,429377,11.051125,84.293068,126,66,2023-04-09,396000.0,14,28ABCDE5739F1Z8,AMBIENT_CHILLED,0,22562,Sneha Joshi,9654775481,sneha.joshi@example.com,2025-11-08,MEDIUM,CLOSED,2026-04-11,0,2023-04-09 00:00:00,
221,OUT00221,Sri Enterprises,,HORECA,HOTEL,Chennai,Tamil Nadu,2,191593,26.415349,88.129605,16,14,2020-06-17,155000.0,30,29ABCDE5913F1Z1,AMBIENT,0,24880,Meera Das,9832368366,,2026-01-15,LOW,ACTIVE,,0,2020-06-17 00:00:00,
222,OUT00222,Balaji Supermarket,,GT,CHEMIST,Indore,Madhya Pradesh,5,767319,28.80186,80.696482,128,53,2023-02-28,820000.0,21,32ABCDE9318F1Z0,AMBIENT,1,2225,Imran Reddy,9460698047,,2025-11-23,HIGH,ACTIVE,,0,2023-02-28 00:00:00,
223,OUT00223,Nova Trading Co,,GT,GENERAL_STORE,Bengaluru,Karnataka,2,705146,26.326204,83.198466,43,31,2021-02-12,685000.0,21,06ABCDE2292F1Z5,AMBIENT,0,21021,Rohit Menon,9931239129,,2025-10-25,LOW,ACTIVE,,0,2021-02-12 00:00:00,
224,OUT00224,Metro Mart,,GT,KIRANA,Bangalore,Karnataka,2,306310,18.241736,82.486142,6,50,2019-09-16,826000.0,30,37ABCDE7693F1Z7,AMBIENT_CHILLED,0,10527,Vikram Sinha,9664322686,vikram.sinha@example.com,2026-06-10,LOW,ACTIVE,,0,2019-09-16 00:00:00,
225,OUT00225,Shree Supermarket,,MT,SUPERMARKET,Gurugram,Haryana,3,193275,13.540435,70.383826,63,84,2022-10-30,57000.0,14,35ABCDE6491F1Z6,AMBIENT,1,22855,Kavya Reddy,9221670801,kavya.reddy@example.com,2025-05-28,LOW,ACTIVE,,0,2022-10-30 00:00:00,
226,OUT00226,Sri Mart,,GT,GENERAL_STORE,Indore,Madhya Pradesh,5,113327,31.88745,88.6772,50,7,2020-12-01,412000.0,21,13ABCDE1044F1Z0,AMBIENT_CHILLED,0,2334,Anil Verma,9416102250,,2025-04-04,LOW,ACTIVE,,0,2020-12-01 00:00:00,
227,OUT00227,Metro Bazaar,,HORECA,HOTEL,Hyderabad,Telangana,2,329812,11.749058,70.258515,46,2,2021-07-31,184000.0,30,05ABCDE3797F1Z4,AMBIENT_CHILLED,0,18285,Arjun Menon,9639603713,arjun.menon@example.com,2026-05-10,LOW,ACTIVE,,0,2021-07-31 00:00:00,
228,OUT00228,Balaji Provision,,MT,SUPERMARKET,Kolkata,West Bengal,4,332044,30.439076,69.417952,47,6,2019-09-02,409000.0,14,19ABCDE6929F1Z2,AMBIENT_CHILLED,0,20530,Karthik Sinha,9742753729,,2025-01-18,MEDIUM,ACTIVE,,0,2019-09-02 00:00:00,
229,OUT00229,Metro Supermarket,,GT,KIRANA,Hyderabad,Telangana,2,529355,12.662376,85.999714,59,81,2019-11-01,840000.0,30,33ABCDE9982F1Z0,AMBIENT_CHILLED,1,3543,Vikram Pillai,9654748192,vikram.pillai@example.com,2026-03-02,LOW,ACTIVE,,0,2019-11-01 00:00:00,
230,OUT00230,Shree Bazaar,,GT,KIRANA,Gurugram,Haryana,3,740103,29.016137,76.47374,11,52,2018-10-09,325000.0,14,31ABCDE9549F1Z6,AMBIENT,1,14905,Tara Mehta,9734358618,tara.mehta@example.com,2026-05-01,HIGH,ACTIVE,,0,2018-10-09 00:00:00,
231,OUT00231,Anand Provision,,GT,KIRANA,Nagpur,Maharashtra,5,297531,15.819098,69.079845,81,52,2023-05-05,233000.0,0,37ABCDE6329F1Z6,AMBIENT,1,11380,Tara Sinha,9531148689,,2025-05-31,MEDIUM,ACTIVE,,0,2023-05-05 00:00:00,
232,OUT00232,Nova Stores,,HORECA,CAFE,Jaipur,Rajasthan,3,593635,11.986112,71.102764,73,31,2024-09-06,399000.0,0,01ABCDE6735F1Z5,AMBIENT,0,5177,Meera Nair,9432194839,meera.nair@example.com,2026-01-10,LOW,ACTIVE,,0,2024-09-06 00:00:00,
233,OUT00233,Sri Bazaar,,GT,GENERAL_STORE,Gurugram,Haryana,3,201320,13.918939,71.915594,3,30,2022-08-14,609000.0,14,35ABCDE2512F1Z3,AMBIENT_CHILLED,0,20525,Vikram Bose,9555960141,vikram.bose@example.com,2025-03-19,MEDIUM,ACTIVE,,0,2022-08-14 00:00:00,
234,OUT00234,Balaji Provision,,HORECA,CAFE,Surat,Gujarat,1,493948,25.933773,92.219839,36,80,2020-02-11,145000.0,30,32ABCDE8473F1Z8,AMBIENT_CHILLED,0,2432,Meera Patel,9584757469,meera.patel@example.com,2025-11-03,HIGH,ACTIVE,,0,2020-02-11 00:00:00,
235,OUT00235,Star Trading Co,,GT,KIRANA,Gurugram,Haryana,3,136996,13.595357,91.827646,72,67,2024-10-19,469000.0,45,08ABCDE7443F1Z1,AMBIENT_CHILLED,0,3736,Divya Sinha,9371826376,divya.sinha@example.com,2025-11-13,LOW,CLOSED,2025-07-04,0,2024-10-19 00:00:00,
236,OUT00236,New Stores,,GT,GENERAL_STORE,Ludhiana,Punjab,3,714962,25.463866,91.921074,69,77,2024-08-18,536000.0,14,24ABCDE2933F1Z2,AMBIENT,0,10663,Priya Joshi,9254911062,,2025-09-14,LOW,ACTIVE,,0,2024-08-18 00:00:00,
237,OUT00237,Anand Stores,,GT,KIRANA,Raipur,Chhattisgarh,5,453510,19.146842,77.526815,66,58,2018-08-25,810000.0,45,15ABCDE5416F1Z7,AMBIENT_CHILLED,0,10335,Ananya Joshi,9121918976,ananya.joshi@example.com,2026-04-25,LOW,ACTIVE,,0,2018-08-25 00:00:00,
238,OUT00238,Nova Bazaar,,HORECA,CLOUD_KITCHEN,Patna,Bihar,4,296607,28.015781,69.301293,45,4,2020-11-23,372000.0,21,11ABCDE6992F1Z1,AMBIENT_CHILLED,0,25323,Imran Sinha,9688348680,imran.sinha@example.com,2025-10-29,HIGH,ACTIVE,,0,2020-11-23 00:00:00,
239,OUT00239,Anand Bazaar,,ECOM_DARKSTORE,DARKSTORE,Raipur,Chhattisgarh,5,218952,22.013943,85.296557,32,85,2020-10-25,890000.0,21,16ABCDE4711F1Z5,AMBIENT_CHILLED,0,22549,Ritu Pillai,9918041954,ritu.pillai@example.com,2025-06-12,LOW,ACTIVE,,0,2020-10-25 00:00:00,
240,OUT00240,Green Provision,,HORECA,CLOUD_KITCHEN,Jaipur,Rajasthan,3,240002,15.260751,69.515128,57,62,2020-11-30,439000.0,0,19ABCDE8818F1Z2,AMBIENT,0,8047,Ritu Verma,9582528022,ritu.verma@example.com,2025-04-13,MEDIUM,ACTIVE,,0,2020-11-30 00:00:00,
241,OUT00241,Nova Enterprises,,ECOM_DARKSTORE,DARKSTORE,Ludhiana,Punjab,3,507208,19.377622,84.794189,58,77,2022-11-24,658000.0,7,14ABCDE7224F1Z8,AMBIENT,0,11131,Manoj Patel,9714998335,,2026-02-24,LOW,ACTIVE,,0,2022-11-24 00:00:00,
242,OUT00242,Sri Mart,,ECOM_DARKSTORE,DARKSTORE,Kolkata,West Bengal,4,612960,16.648752,91.860851,11,4,2020-03-03,667000.0,30,01ABCDE1829F1Z5,AMBIENT,0,16616,Divya Sharma,9119660643,,2025-08-20,LOW,ACTIVE,,0,2020-03-03 00:00:00,
243,OUT00243,Balaji Supermarket,,GT,CHEMIST,Patna,Bihar,4,552054,20.783713,87.769507,6,23,2022-04-20,474000.0,45,27ABCDE4536F1Z4,AMBIENT,0,18313,Leela Chauhan,9602952751,leela.chauhan@example.com,2026-04-23,LOW,ACTIVE,,0,2022-04-20 00:00:00,
244,OUT00244,Metro Supermarket,,GT,CHEMIST,Surat,Gujarat,1,148353,8.926638,88.904333,5,6,2020-12-07,348000.0,45,28ABCDE8413F1Z8,AMBIENT,1,5965,Sneha Sharma,9233614473,sneha.sharma@example.com,2025-03-06,HIGH,CLOSED,2025-12-08,0,2020-12-07 00:00:00,
245,OUT00245,Green Supermarket,,GT,GENERAL_STORE,Mumbai,Maharashtra,1,147371,16.147904,85.627329,55,77,2023-04-01,705000.0,7,15ABCDE2361F1Z6,AMBIENT,1,19808,Priya Joshi,9276969433,priya.joshi@example.com,2025-12-12,MEDIUM,ACTIVE,,0,2023-04-01 00:00:00,
246,OUT00246,Balaji Mart,,ECOM_DARKSTORE,DARKSTORE,Mumbai,Maharashtra,1,577600,28.550413,86.375687,53,39,2020-05-16,664000.0,45,34ABCDE3975F1Z3,AMBIENT,0,22863,Suresh Kulkarni,9641639332,,2026-04-08,HIGH,ACTIVE,,0,2020-05-16 00:00:00,
247,OUT00247,Nova Enterprises,,HORECA,HOTEL,Nagpur,Maharashtra,5,400106,13.038145,81.732464,18,46,2021-06-24,835000.0,14,23ABCDE2449F1Z7,AMBIENT,0,5722,Anil Chauhan,9251040887,anil.chauhan@example.com,2025-06-11,HIGH,ACTIVE,,0,2021-06-24 00:00:00,
248,OUT00248,Metro Supermarket,,GT,GENERAL_STORE,Chennai,Tamil Nadu,2,772249,11.362281,75.966171,5,39,2022-06-11,249000.0,14,04ABCDE1855F1Z0,AMBIENT_CHILLED,0,12425,Kavya Sinha,9836987799,,2025-09-26,HIGH,ACTIVE,,0,2022-06-11 00:00:00,
249,OUT00249,Shree Provision,,GT,CHEMIST,Gurugram,Haryana,3,200990,27.64973,82.974633,62,10,2022-06-06,101000.0,14,33ABCDE3049F1Z0,AMBIENT,0,11570,Karthik Ghosh,9991145583,karthik.ghosh@example.com,2025-03-09,LOW,CLOSED,2025-08-13,0,2022-06-06 00:00:00,
250,OUT00250,New Trading Co,,MT,HYPERMARKET,Chennai,Tamil Nadu,2,758765,25.722419,82.817301,135,15,2018-07-31,501000.0,30,09ABCDE4734F1Z4,AMBIENT,0,16009,Tara Dutta,9904579957,tara.dutta@example.com,2025-11-25,LOW,ACTIVE,,0,2018-07-31 00:00:00,
251,OUT00251,Star Stores,,MT,HYPERMARKET,Gurugram,Haryana,3,264920,21.246027,76.488054,28,55,2024-08-21,103000.0,0,25ABCDE6806F1Z0,AMBIENT,0,20415,Sneha Chauhan,9650622580,sneha.chauhan@example.com,2025-07-28,LOW,CLOSED,2025-07-17,0,2024-08-21 00:00:00,
252,OUT00252,Sri Supermarket,,MT,HYPERMARKET,Ludhiana,Punjab,3,162331,15.882482,78.598226,69,67,2020-06-25,674000.0,7,22ABCDE5139F1Z6,AMBIENT,0,19341,Rahul Verma,9174675017,,2026-05-25,LOW,ACTIVE,,0,2020-06-25 00:00:00,
253,OUT00253,Balaji Stores,,MT,MINI_MARKET,Bengaluru,Karnataka,2,219590,8.634422,74.147138,111,45,2023-04-25,170000.0,45,21ABCDE7424F1Z7,AMBIENT,1,24865,Rahul Pillai,9752738402,rahul.pillai@example.com,2025-01-06,LOW,ACTIVE,,0,2023-04-25 00:00:00,
254,OUT00254,New Trading Co,,GT,KIRANA,Raipur,Chhattisgarh,5,525019,11.627502,79.415256,85,34,2022-11-19,451000.0,7,15ABCDE3863F1Z5,AMBIENT,1,22978,Ananya Dutta,9923906792,ananya.dutta@example.com,2025-02-28,LOW,ACTIVE,,0,2022-11-19 00:00:00,
255,OUT00255,Green Trading Co,,GT,KIRANA,Surat,Gujarat,1,212377,24.926074,74.375399,36,51,2022-05-02,340000.0,45,03ABCDE4144F1Z1,AMBIENT,0,5396,Priya Sinha,9668054256,priya.sinha@example.com,2026-04-03,LOW,ACTIVE,,0,2022-05-02 00:00:00,
256,OUT00256,Shree Provision,,MT,MINI_MARKET,Gurugram,Haryana,3,240532,27.677566,72.819805,63,20,2023-09-02,202000.0,14,18ABCDE5100F1Z6,AMBIENT_CHILLED,0,9009,Farah Das,9935877887,farah.das@example.com,2026-05-16,MEDIUM,ACTIVE,,0,2023-09-02 00:00:00,
257,OUT00257,Sri Mart,,MT,SUPERMARKET,Jaipur,Rajasthan,3,373135,32.070336,73.73262,58,60,2024-10-13,622000.0,0,03ABCDE9060F1Z8,AMBIENT,0,17060,Pooja Mehta,9678003161,pooja.mehta@example.com,2025-03-08,LOW,ACTIVE,,0,2024-10-13 00:00:00,
258,OUT00258,New Enterprises,,GT,GENERAL_STORE,Jaipur,Rajasthan,3,171336,16.651596,83.995805,41,82,2020-06-13,730000.0,0,14ABCDE1352F1Z1,AMBIENT_CHILLED,1,14999,Sanjay Bose,9650044294,,2026-06-07,LOW,CLOSED,2025-06-05,0,2020-06-13 00:00:00,
259,OUT00259,Anand Mart,,MT,SUPERMARKET,New Delhi,Delhi,3,323520,10.708601,84.339524,4,53,2022-05-05,550000.0,45,06ABCDE7171F1Z6,AMBIENT,1,14369,Pooja Verma,9126098156,pooja.verma@example.com,2025-07-25,LOW,ACTIVE,,0,2022-05-05 00:00:00,
260,OUT00260,Star Mart,,HORECA,CLOUD_KITCHEN,Hyderabad,Telangana,2,184956,20.430164,85.586371,33,38,2024-06-27,610000.0,21,05ABCDE1913F1Z5,AMBIENT,0,12054,Rohit Patel,9580525907,rohit.patel@example.com,2025-02-25,MEDIUM,ACTIVE,,0,2024-06-27 00:00:00,
261,OUT00261,Anand Supermarket,,GT,GENERAL_STORE,Ludhiana,Punjab,3,704383,17.506306,72.98747,69,36,2023-12-28,160000.0,0,07ABCDE4518F1Z0,AMBIENT_CHILLED,0,22100,Divya Chauhan,9205434274,divya.chauhan@example.com,2026-06-09,LOW,ACTIVE,,0,2023-12-28 00:00:00,
262,OUT00262,Anand Supermarket,,MT,MINI_MARKET,Kolkata,West Bengal,4,182943,11.606872,77.378585,128,69,2021-09-28,874000.0,14,30ABCDE3220F1Z4,AMBIENT,0,8291,Rahul Menon,9600029433,rahul.menon@example.com,2026-01-31,HIGH,ACTIVE,,0,2021-09-28 00:00:00,
263,OUT00263,Green Stores,,GT,KIRANA,Kochi,Kerala,2,388747,18.85119,74.65069,67,7,2019-01-31,295000.0,7,34ABCDE9863F1Z5,AMBIENT_CHILLED,1,17323,Sneha Verma,9734478112,,2025-11-05,LOW,ACTIVE,,0,2019-01-31 00:00:00,
264,OUT00264,Balaji Supermarket,,GT,GENERAL_STORE,Hyderabad,Telangana,2,129531,26.303302,75.512995,127,7,2024-04-17,655000.0,7,19ABCDE7385F1Z7,AMBIENT,1,9913,Manoj Menon,9307084309,,2025-08-12,LOW,ACTIVE,,0,2024-04-17 00:00:00,
265,OUT00265,Anand Stores,,GT,GENERAL_STORE,Indore,Madhya Pradesh,5,755697,14.278809,74.379787,134,80,2023-08-17,523000.0,14,30ABCDE4163F1Z7,AMBIENT,0,12561,Imran Mehta,9835245026,imran.mehta@example.com,2025-07-29,LOW,ACTIVE,,0,2023-08-17 00:00:00,
266,OUT00266,Anand Supermarket,,GT,CHEMIST,Delhi,Delhi,3,477940,24.174008,72.787686,52,57,2020-02-23,180000.0,0,28ABCDE2699F1Z3,AMBIENT_CHILLED,1,17142,Divya Verma,9760555075,,2026-05-01,HIGH,ACTIVE,,0,2020-02-23 00:00:00,
267,OUT00267,Balaji Supermarket,,GT,CHEMIST,Kochi,Kerala,2,240157,14.221072,76.027919,138,7,2018-12-21,455000.0,7,27ABCDE6050F1Z3,AMBIENT_CHILLED,0,5428,Karthik Khan,9177287346,karthik.khan@example.com,2025-11-26,MEDIUM,ACTIVE,,0,2018-12-21 00:00:00,
268,OUT00268,Royal Mart,,GT,GENERAL_STORE,Pune,Maharashtra,1,417736,29.878276,86.36021,72,58,2022-12-14,639000.0,30,32ABCDE9973F1Z7,AMBIENT_CHILLED,1,17428,Ritu Mehta,9234638267,ritu.mehta@example.com,2025-11-18,LOW,ACTIVE,,0,2022-12-14 00:00:00,
269,OUT00269,Royal Provision,,GT,GENERAL_STORE,Surat,Gujarat,1,206922,19.176184,69.55534,9,51,2024-02-20,39000.0,21,16ABCDE6781F1Z6,AMBIENT,0,25450,Farah Verma,9857924544,farah.verma@example.com,2026-01-06,LOW,CLOSED,2026-05-02,0,2024-02-20 00:00:00,
270,OUT00270,Metro Enterprises,,GT,GENERAL_STORE,Bengaluru,Karnataka,2,732561,31.326352,80.685282,43,61,2019-03-19,148000.0,7,23ABCDE6830F1Z6,AMBIENT,0,8899,Sneha Pillai,9987235796,sneha.pillai@example.com,2026-03-03,LOW,ACTIVE,,0,2019-03-19 00:00:00,
271,OUT00271,Star Bazaar,,GT,GENERAL_STORE,Nagpur,Maharashtra,5,627500,11.306108,90.706872,104,39,2020-07-02,413000.0,45,15ABCDE8732F1Z1,AMBIENT_CHILLED,0,7960,Rahul Khan,9109204679,rahul.khan@example.com,2025-08-16,LOW,ACTIVE,,0,2020-07-02 00:00:00,
272,OUT00272,Sri Stores,,ECOM_DARKSTORE,DARKSTORE,Mumbai,Maharashtra,1,112847,18.316284,76.087099,52,40,2024-11-07,463000.0,21,01ABCDE7695F1Z0,AMBIENT,0,7988,Naveen Sinha,9561207688,,2025-01-07,LOW,ACTIVE,,0,2024-11-07 00:00:00,
273,OUT00273,Metro Mart,,ECOM_DARKSTORE,DARKSTORE,New Delhi,Delhi,3,791321,18.85959,82.023355,111,43,2020-05-17,389000.0,45,09ABCDE9415F1Z6,AMBIENT,0,4496,Divya Nair,9169869343,divya.nair@example.com,2026-01-01,LOW,ACTIVE,,0,2020-05-17 00:00:00,
274,OUT00274,Royal Supermarket,,GT,KIRANA,Guwahati,Assam,4,255590,25.612336,68.951873,99,3,2023-04-20,666000.0,21,14ABCDE5872F1Z1,AMBIENT_CHILLED,0,2510,Farah Das,9323401602,farah.das@example.com,2026-04-30,LOW,DELETED,,1,2023-04-20 00:00:00,
275,OUT00275,Metro Enterprises,,ECOM_DARKSTORE,DARKSTORE,Pune,Maharashtra,1,173768,9.902776,85.144478,15,10,2022-05-27,96000.0,7,32ABCDE4796F1Z5,AMBIENT,1,6614,Rahul Chauhan,9752395618,rahul.chauhan@example.com,2026-02-22,MEDIUM,ACTIVE,,0,2022-05-27 00:00:00,
276,OUT00276,Green Supermarket,,GT,KIRANA,Pune,Maharashtra,1,322629,19.25753,77.11481,77,70,2022-03-09,489000.0,7,22ABCDE8257F1Z1,AMBIENT,0,8305,Farah Ghosh,9210646833,farah.ghosh@example.com,2025-03-05,HIGH,ACTIVE,,0,2022-03-09 00:00:00,
277,OUT00277,Star Bazaar,,GT,GENERAL_STORE,Gurugram,Haryana,3,418213,31.417638,85.85917,115,13,2021-05-10,460000.0,0,27ABCDE4051F1Z2,AMBIENT,1,24017,Kavya Mehta,9421426050,kavya.mehta@example.com,2025-11-08,LOW,ACTIVE,,0,2021-05-10 00:00:00,
278,OUT00278,Sri Provision,,MT,MINI_MARKET,Raipur,Chhattisgarh,5,305428,8.805378,72.962973,103,35,2022-02-08,470000.0,30,25ABCDE5134F1Z4,AMBIENT,0,8273,Kavya Chauhan,9486404272,,2026-03-08,LOW,ACTIVE,,0,2022-02-08 00:00:00,
279,OUT00279,Sri Stores,,ECOM_DARKSTORE,DARKSTORE,Chennai,Tamil Nadu,2,578461,27.549981,91.122766,68,17,2022-10-12,743000.0,0,18ABCDE2867F1Z5,AMBIENT,0,10471,Anil Joshi,9458092599,anil.joshi@example.com,2025-12-22,LOW,ACTIVE,,0,2022-10-12 00:00:00,
280,OUT00280,Metro Trading Co,,MT,SUPERMARKET,Indore,Madhya Pradesh,5,247478,24.538269,86.024683,24,44,2020-07-16,635000.0,45,17ABCDE2582F1Z1,AMBIENT,0,16090,Naveen Nair,9179658107,naveen.nair@example.com,2026-05-22,LOW,ACTIVE,,0,2020-07-16 00:00:00,
281,OUT00281,Royal Bazaar,,GT,CHEMIST,Kochi,Kerala,2,138653,17.998297,84.309329,100,80,2018-11-04,742000.0,0,21ABCDE1858F1Z3,AMBIENT_CHILLED,0,25616,Nisha Kulkarni,9187523364,nisha.kulkarni@example.com,2025-12-05,LOW,ACTIVE,,0,2018-11-04 00:00:00,
282,OUT00282,Nova Enterprises,,MT,SUPERMARKET,Guwahati,Assam,4,446335,10.994936,75.72086,97,92,2020-07-22,865000.0,0,23ABCDE1537F1Z2,AMBIENT,0,23012,Imran Verma,9826452060,imran.verma@example.com,2025-08-03,LOW,ACTIVE,,0,2020-07-22 00:00:00,
283,OUT00283,New Enterprises,,MT,MINI_MARKET,Hyderabad,Telangana,2,144605,22.19038,74.934661,128,14,2018-09-25,32000.0,21,08ABCDE1761F1Z2,AMBIENT,0,8459,Karthik Rao,9686590234,karthik.rao@example.com,2025-11-17,LOW,ACTIVE,,0,2018-09-25 00:00:00,
284,OUT00284,New Bazaar,,GT,CHEMIST,Ludhiana,Punjab,3,395083,22.586927,82.918516,138,19,2023-01-30,25000.0,21,22ABCDE5272F1Z3,AMBIENT,0,18726,Priya Patel,9863612361,,2026-04-17,LOW,ACTIVE,,0,2023-01-30 00:00:00,
285,OUT00285,Sri Trading Co,,ECOM_DARKSTORE,DARKSTORE,Surat,Gujarat,1,777548,16.515617,71.764369,119,68,2024-05-04,569000.0,30,10ABCDE3906F1Z6,AMBIENT,0,14770,Nisha Dutta,9417558804,,2025-09-21,LOW,ACTIVE,,0,2024-05-04 00:00:00,
286,OUT00286,Royal Enterprises,,ECOM_DARKSTORE,DARKSTORE,Gurugram,Haryana,3,488950,29.412485,77.743296,43,82,2022-01-09,305000.0,14,27ABCDE5774F1Z6,AMBIENT_CHILLED,1,10068,Ananya Kulkarni,9209173131,ananya.kulkarni@example.com,2025-07-26,LOW,CLOSED,2026-05-29,0,2022-01-09 00:00:00,
287,OUT00287,Sri Mart,,GT,KIRANA,Indore,Madhya Pradesh,5,702875,29.500622,77.88141,31,18,2020-06-08,832000.0,45,23ABCDE7904F1Z4,AMBIENT_CHILLED,0,13931,Ananya Sinha,9503268977,,2026-06-07,LOW,ACTIVE,,0,2020-06-08 00:00:00,
288,OUT00288,Shree Stores,,MT,SUPERMARKET,Patna,Bihar,4,546343,31.644966,87.480027,120,4,2022-10-09,460000.0,30,08ABCDE9501F1Z8,AMBIENT,0,15957,Sneha Sinha,9590546088,,2025-12-27,LOW,ACTIVE,,0,2022-10-09 00:00:00,
289,OUT00289,Shree Mart,,MT,SUPERMARKET,Indore,Madhya Pradesh,5,435171,25.798848,84.109171,135,54,2019-04-06,62000.0,30,08ABCDE1336F1Z0,AMBIENT_CHILLED,1,23900,Imran Chauhan,9910908660,,2025-09-05,LOW,ACTIVE,,0,2019-04-06 00:00:00,
290,OUT00290,Green Mart,,GT,CHEMIST,Gurugram,Haryana,3,335283,22.398051,72.979343,79,14,2020-04-01,693000.0,30,16ABCDE2893F1Z8,AMBIENT_CHILLED,0,865,Anil Kulkarni,9326923265,,2025-06-13,MEDIUM,CLOSED,2025-06-02,0,2020-04-01 00:00:00,
291,OUT00291,Balaji Stores,,MT,MINI_MARKET,Indore,Madhya Pradesh,5,652021,16.870181,79.694431,95,37,2019-08-30,195000.0,21,21ABCDE8016F1Z4,AMBIENT_CHILLED,0,11074,Arjun Menon,9150241962,arjun.menon@example.com,2025-06-10,HIGH,ACTIVE,,0,2019-08-30 00:00:00,
292,OUT00292,Metro Stores,,GT,KIRANA,Guwahati,Assam,4,350822,30.681395,92.490473,50,86,2024-02-29,349000.0,14,36ABCDE7372F1Z5,AMBIENT,0,6801,Sneha Reddy,9181640186,sneha.reddy@example.com,2025-11-07,LOW,CLOSED,2026-01-24,0,2024-02-29 00:00:00,
293,OUT00293,Green Provision,,ECOM_DARKSTORE,DARKSTORE,Kolkata,West Bengal,4,478868,9.798869,71.18963,31,58,2021-09-02,56000.0,0,16ABCDE4017F1Z5,AMBIENT,0,18832,Meera Verma,9582283874,meera.verma@example.com,2025-04-22,LOW,ACTIVE,,0,2021-09-02 00:00:00,
294,OUT00294,Green Stores,,GT,GENERAL_STORE,Kochi,Kerala,2,421816,12.303591,83.920683,51,71,2018-10-13,217000.0,21,29ABCDE2480F1Z5,AMBIENT_CHILLED,0,6742,Tara Menon,9545536515,tara.menon@example.com,2025-07-07,LOW,ACTIVE,,0,2018-10-13 00:00:00,
295,OUT00295,Shree Trading Co,,GT,CHEMIST,Raipur,Chhattisgarh,5,690363,16.649435,79.894173,16,33,2023-07-08,403000.0,7,10ABCDE8421F1Z5,AMBIENT_CHILLED,0,1584,Sneha Khan,9330424893,sneha.khan@example.com,2025-06-15,HIGH,ACTIVE,,0,2023-07-08 00:00:00,
296,OUT00296,Metro Provision,,GT,KIRANA,Indore,Madhya Pradesh,5,123208,11.635282,77.77808,118,42,2021-07-09,527000.0,14,29ABCDE7173F1Z3,AMBIENT,1,1116,Priya Pillai,9821694446,priya.pillai@example.com,2026-03-27,LOW,ACTIVE,,0,2021-07-09 00:00:00,
297,OUT00297,Royal Mart,,ECOM_DARKSTORE,DARKSTORE,Jaipur,Rajasthan,3,537261,26.833293,77.630898,12,6,2022-11-15,751000.0,45,15ABCDE6310F1Z7,AMBIENT,0,22139,Nisha Rao,9697609652,nisha.rao@example.com,2025-07-05,LOW,ACTIVE,,0,2022-11-15 00:00:00,
298,OUT00298,Green Mart,,MT,SUPERMARKET,Raipur,Chhattisgarh,5,758751,27.560601,85.8935,107,41,2022-05-14,45000.0,7,31ABCDE7501F1Z1,AMBIENT,0,21854,Rohit Nair,9727377950,rohit.nair@example.com,2025-03-13,HIGH,ACTIVE,,0,2022-05-14 00:00:00,
299,OUT00299,Anand Supermarket,,GT,CHEMIST,Delhi,Delhi,3,664512,30.112534,82.980272,82,68,2021-06-22,271000.0,14,24ABCDE5673F1Z3,AMBIENT,1,5934,Vikram Bose,9953605107,,2026-02-26,LOW,ACTIVE,,0,2021-06-22 00:00:00,
300,OUT00300,Anand Trading Co,,GT,CHEMIST,Ludhiana,Punjab,3,205376,31.71615,82.638955,14,30,2018-10-26,424000.0,30,02ABCDE6006F1Z4,AMBIENT_CHILLED,0,8428,Karthik Joshi,9231110807,karthik.joshi@example.com,2025-08-10,HIGH,ACTIVE,,0,2018-10-26 00:00:00,
301,OUT00301,New Mart,,HORECA,CAFE,Gurugram,Haryana,3,556826,28.686707,80.70891,35,87,2022-07-18,817000.0,14,05ABCDE4598F1Z8,AMBIENT_CHILLED,1,18909,Karthik Reddy,9803896058,karthik.reddy@example.com,2025-08-29,HIGH,ACTIVE,,0,2022-07-18 00:00:00,
302,OUT00302,Sri Supermarket,,MT,HYPERMARKET,Chennai,Tamil Nadu,2,136494,15.297075,80.007446,24,82,2024-07-01,249000.0,45,30ABCDE3193F1Z7,AMBIENT,0,22922,Karthik Nair,9190137328,karthik.nair@example.com,2025-04-09,MEDIUM,ACTIVE,,0,2024-07-01 00:00:00,
303,OUT00303,Balaji Supermarket,,GT,KIRANA,Guwahati,Assam,4,420508,15.540972,70.299954,89,9,2020-11-25,662000.0,7,02ABCDE2378F1Z0,AMBIENT,0,3672,Ritu Verma,9973599826,ritu.verma@example.com,2025-04-28,LOW,ACTIVE,,0,2020-11-25 00:00:00,
304,OUT00304,New Stores,,GT,CHEMIST,Chennai,Tamil Nadu,2,152623,30.048781,76.373515,104,61,2020-08-27,868000.0,21,09ABCDE1607F1Z0,AMBIENT_CHILLED,0,13182,Ritu Bose,9647933480,,2025-01-20,LOW,ACTIVE,,0,2020-08-27 00:00:00,
305,OUT00305,New Stores,,HORECA,CLOUD_KITCHEN,Indore,Madhya Pradesh,5,328403,10.565988,76.362066,83,2,2018-11-18,662000.0,21,32ABCDE9380F1Z4,AMBIENT_CHILLED,0,7181,Suresh Pillai,9733474926,suresh.pillai@example.com,2025-06-17,MEDIUM,ACTIVE,,0,2018-11-18 00:00:00,
306,OUT00306,Sri Provision,,GT,GENERAL_STORE,Jaipur,Rajasthan,3,190631,27.827474,90.644806,28,40,2018-09-21,707000.0,21,30ABCDE4518F1Z3,AMBIENT,0,22062,Kavya Das,9639080063,,2025-05-13,LOW,CLOSED,2025-10-17,0,2018-09-21 00:00:00,
307,OUT00307,Green Stores,,ECOM_DARKSTORE,DARKSTORE,Delhi,Delhi,3,339288,28.958086,82.127203,49,78,2023-04-03,767000.0,21,27ABCDE4824F1Z7,AMBIENT,0,24729,Divya Pillai,9637400551,divya.pillai@example.com,2025-11-16,LOW,ACTIVE,,0,2023-04-03 00:00:00,
308,OUT00308,Anand Trading Co,,ECOM_DARKSTORE,DARKSTORE,Mumbai,Maharashtra,1,446425,12.16135,79.629962,49,31,2020-05-05,816000.0,14,35ABCDE5730F1Z3,AMBIENT,0,25534,Ritu Patel,9366683063,ritu.patel@example.com,2025-08-29,LOW,ACTIVE,,0,2020-05-05 00:00:00,
309,OUT00309,Anand Enterprises,,GT,KIRANA,Kolkata,West Bengal,4,329025,23.762202,69.278956,43,44,2024-04-20,494000.0,0,12ABCDE4538F1Z1,AMBIENT,1,25578,Rohit Rao,9131800506,rohit.rao@example.com,2025-10-03,LOW,ACTIVE,,0,2024-04-20 00:00:00,
310,OUT00310,Balaji Trading Co,,GT,GENERAL_STORE,Mumbai,Maharashtra,1,437073,15.468165,77.540802,36,9,2021-02-08,106000.0,21,32ABCDE8415F1Z8,AMBIENT_CHILLED,1,23423,Kavya Rao,9386631695,,2026-03-18,MEDIUM,ACTIVE,,0,2021-02-08 00:00:00,
311,OUT00311,Balaji Provision,,GT,CHEMIST,Pune,Maharashtra,1,489202,19.802806,80.616605,93,89,2020-06-13,783000.0,0,28ABCDE3291F1Z0,AMBIENT,0,25506,Sneha Khan,9632019141,sneha.khan@example.com,2026-06-24,MEDIUM,ACTIVE,,0,2020-06-13 00:00:00,
312,OUT00312,Green Supermarket,,ECOM_DARKSTORE,DARKSTORE,Nagpur,Maharashtra,5,161954,17.287107,86.494867,25,31,2018-07-07,328000.0,14,23ABCDE9776F1Z2,AMBIENT,0,10780,Pooja Das,9660702974,,2025-06-14,LOW,ACTIVE,,0,2018-07-07 00:00:00,
313,OUT00313,Nova Trading Co,,GT,GENERAL_STORE,Mumbai,Maharashtra,1,315643,12.367126,71.217427,63,7,2019-11-24,886000.0,0,29ABCDE4276F1Z4,AMBIENT,0,11244,Nisha Pillai,9161562531,nisha.pillai@example.com,2025-03-22,LOW,DELETED,,1,2019-11-24 00:00:00,
314,OUT00314,Shree Mart,,MT,MINI_MARKET,Patna,Bihar,4,304225,20.883074,88.305094,64,41,2019-10-10,381000.0,7,09ABCDE6684F1Z7,AMBIENT_CHILLED,1,2022,Karthik Kulkarni,9465119323,karthik.kulkarni@example.com,2025-04-15,LOW,ACTIVE,,0,2019-10-10 00:00:00,
315,OUT00315,Star Provision,,GT,GENERAL_STORE,Raipur,Chhattisgarh,5,618906,17.804786,70.847339,67,20,2024-03-05,83000.0,14,25ABCDE6815F1Z3,AMBIENT,0,3621,Rohit Sharma,9484724613,rohit.sharma@example.com,2025-05-20,MEDIUM,ACTIVE,,0,2024-03-05 00:00:00,
316,OUT00316,Shree Stores,,MT,MINI_MARKET,Pune,Maharashtra,1,395678,29.094289,87.287711,66,21,2021-11-03,622000.0,14,18ABCDE8268F1Z6,AMBIENT,0,24920,Imran Pillai,9575088533,imran.pillai@example.com,2026-04-28,HIGH,ACTIVE,,0,2021-11-03 00:00:00,
317,OUT00317,New Stores,,ECOM_DARKSTORE,DARKSTORE,Delhi,Delhi,3,556559,14.41054,85.566079,22,50,2022-03-31,420000.0,7,09ABCDE2875F1Z3,AMBIENT,0,5387,Nisha Reddy,9376266159,nisha.reddy@example.com,2026-01-27,LOW,ACTIVE,,0,2022-03-31 00:00:00,
318,OUT00318,Star Enterprises,,GT,CHEMIST,Pune,Maharashtra,1,762757,18.380801,81.63183,137,86,2020-01-28,858000.0,0,18ABCDE7073F1Z0,AMBIENT,0,23889,Manoj Ghosh,9109775721,manoj.ghosh@example.com,2025-05-21,LOW,ACTIVE,,0,2020-01-28 00:00:00,
319,OUT00319,New Bazaar,,GT,KIRANA,Mumbai,Maharashtra,1,238461,17.325568,75.237497,122,46,2022-04-01,310000.0,30,04ABCDE3117F1Z5,AMBIENT,0,14149,Priya Mehta,9269985195,priya.mehta@example.com,2026-06-28,MEDIUM,CLOSED,2026-02-24,0,2022-04-01 00:00:00,
320,OUT00320,Sri Enterprises,,GT,CHEMIST,Kochi,Kerala,2,139227,14.833603,76.613732,2,68,2024-01-06,445000.0,30,12ABCDE3352F1Z7,AMBIENT,0,2289,Farah Sinha,9840155971,farah.sinha@example.com,2025-04-02,HIGH,ACTIVE,,0,2024-01-06 00:00:00,
321,OUT00321,Green Trading Co,,MT,MINI_MARKET,Nagpur,Maharashtra,5,710910,15.987031,76.594961,60,37,2019-04-19,867000.0,30,31ABCDE2990F1Z0,AMBIENT,0,10467,Ananya Das,9870602458,ananya.das@example.com,2026-01-14,LOW,ACTIVE,,0,2019-04-19 00:00:00,
322,OUT00322,Nova Provision,,MT,HYPERMARKET,Ludhiana,Punjab,3,398593,9.890797,91.958828,83,34,2023-01-03,804000.0,7,06ABCDE8828F1Z7,AMBIENT,0,11194,Anil Dutta,9385929643,,2025-12-10,LOW,ACTIVE,,0,2023-01-03 00:00:00,
323,OUT00323,Anand Provision,,ECOM_DARKSTORE,DARKSTORE,Guwahati,Assam,4,547362,23.499973,77.587445,125,22,2018-12-15,586000.0,0,08ABCDE8868F1Z7,AMBIENT_CHILLED,0,14978,Vikram Verma,9219295228,vikram.verma@example.com,2026-06-17,LOW,ACTIVE,,0,2018-12-15 00:00:00,
324,OUT00324,Royal Trading Co,,MT,MINI_MARKET,Gurugram,Haryana,3,667871,8.946646,83.252005,64,92,2024-09-19,179000.0,21,37ABCDE9976F1Z0,AMBIENT,0,6562,Suresh Kulkarni,9689788482,,2025-07-19,LOW,ACTIVE,,0,2024-09-19 00:00:00,
325,OUT00325,Shree Mart,,GT,GENERAL_STORE,Kochi,Kerala,2,494315,28.573443,85.50869,65,64,2022-04-11,535000.0,7,18ABCDE4903F1Z4,AMBIENT_CHILLED,1,14956,Meera Sharma,9487090780,meera.sharma@example.com,2026-02-16,LOW,ACTIVE,,0,2022-04-11 00:00:00,
326,OUT00326,Sri Enterprises,,MT,MINI_MARKET,Kochi,Kerala,2,491926,10.493571,81.021893,26,57,2020-12-04,714000.0,21,02ABCDE9354F1Z7,AMBIENT_CHILLED,1,18190,Manoj Menon,9394880330,manoj.menon@example.com,2025-11-20,LOW,DELETED,,1,2020-12-04 00:00:00,
327,OUT00327,Sri Trading Co,,HORECA,QSR,Patna,Bihar,4,652399,23.933632,90.723363,69,17,2019-10-14,136000.0,21,23ABCDE1523F1Z5,AMBIENT,1,11345,Leela Das,9943638497,leela.das@example.com,2025-04-26,MEDIUM,CLOSED,2025-05-23,0,2019-10-14 00:00:00,
328,OUT00328,Star Bazaar,,MT,MINI_MARKET,Bangalore,Karnataka,2,492990,32.484967,87.59975,51,23,2018-07-31,106000.0,21,04ABCDE4135F1Z0,AMBIENT_CHILLED,0,11793,Rohit Kulkarni,9350787468,rohit.kulkarni@example.com,2026-06-11,LOW,ACTIVE,,0,2018-07-31 00:00:00,
329,OUT00329,Sri Stores,,GT,GENERAL_STORE,Jaipur,Rajasthan,3,730246,24.859965,87.903232,35,19,2022-04-13,641000.0,14,37ABCDE5901F1Z8,AMBIENT,1,20989,Manoj Mehta,9785696646,manoj.mehta@example.com,2026-02-05,LOW,ACTIVE,,0,2022-04-13 00:00:00,
330,OUT00330,Green Supermarket,,GT,GENERAL_STORE,Patna,Bihar,4,344320,10.84872,72.019681,80,34,2024-06-02,758000.0,45,13ABCDE4425F1Z1,AMBIENT_CHILLED,0,3918,Naveen Menon,9236639661,,2025-04-26,LOW,ACTIVE,,0,2024-06-02 00:00:00,
331,OUT00331,New Supermarket,,MT,HYPERMARKET,Surat,Gujarat,1,238259,11.289773,87.871706,57,26,2020-02-22,363000.0,7,25ABCDE3448F1Z5,AMBIENT,0,22897,Kavya Verma,9387036854,kavya.verma@example.com,2026-05-31,MEDIUM,ACTIVE,,0,2020-02-22 00:00:00,
332,OUT00332,Nova Provision,,GT,CHEMIST,Surat,Gujarat,1,150763,9.265803,74.192651,36,73,2021-08-27,703000.0,14,19ABCDE8450F1Z8,AMBIENT,0,2197,Nisha Sharma,9603615692,nisha.sharma@example.com,2025-12-25,LOW,ACTIVE,,0,2021-08-27 00:00:00,
333,OUT00333,Shree Provision,,HORECA,QSR,Mumbai,Maharashtra,1,678787,19.692713,80.697706,134,1,2023-08-17,458000.0,7,04ABCDE9483F1Z1,AMBIENT,0,17982,Nisha Menon,9390499469,nisha.menon@example.com,2026-02-01,MEDIUM,ACTIVE,,0,2023-08-17 00:00:00,
334,OUT00334,Metro Mart,,GT,CHEMIST,Guwahati,Assam,4,168791,20.711727,69.06272,26,54,2019-06-01,342000.0,14,37ABCDE6526F1Z1,AMBIENT,0,21049,Ritu Verma,9728203640,ritu.verma@example.com,2026-05-31,MEDIUM,ACTIVE,,0,2019-06-01 00:00:00,
335,OUT00335,Shree Mart,,GT,GENERAL_STORE,Hyderabad,Telangana,2,521339,22.429659,80.592502,61,86,2019-10-11,586000.0,0,36ABCDE9526F1Z5,AMBIENT,1,7194,Sanjay Menon,9343564876,sanjay.menon@example.com,2026-05-17,LOW,ACTIVE,,0,2019-10-11 00:00:00,
336,OUT00336,Shree Stores,,GT,GENERAL_STORE,Mumbai,Maharashtra,1,406328,25.72235,89.549457,33,84,2024-01-28,482000.0,14,02ABCDE2611F1Z2,AMBIENT,1,9478,Ritu Sharma,9718374563,ritu.sharma@example.com,2025-06-26,LOW,ACTIVE,,0,2024-01-28 00:00:00,
337,OUT00337,Metro Bazaar,,GT,CHEMIST,Jaipur,Rajasthan,3,181114,18.675802,84.262979,92,51,2021-09-03,372000.0,30,33ABCDE8370F1Z1,AMBIENT,0,13552,Vikram Pillai,9419054678,vikram.pillai@example.com,2025-12-09,LOW,ACTIVE,,0,2021-09-03 00:00:00,
338,OUT00338,Green Enterprises,,GT,KIRANA,New Delhi,Delhi,3,324717,29.827174,77.401678,41,33,2020-10-31,601000.0,7,31ABCDE2657F1Z7,AMBIENT_CHILLED,0,10977,Sneha Mehta,9435610776,sneha.mehta@example.com,2025-02-24,LOW,ACTIVE,,0,2020-10-31 00:00:00,
339,OUT00339,Royal Supermarket,,ECOM_DARKSTORE,DARKSTORE,Patna,Bihar,4,305196,13.352862,80.670991,117,50,2021-10-28,623000.0,45,07ABCDE6286F1Z1,AMBIENT,0,7516,Naveen Chauhan,9894075912,naveen.chauhan@example.com,2025-03-18,MEDIUM,ACTIVE,,0,2021-10-28 00:00:00,
340,OUT00340,Royal Stores,,GT,GENERAL_STORE,Kolkata,West Bengal,4,227889,29.823388,72.584749,125,92,2019-03-17,601000.0,45,33ABCDE1908F1Z3,AMBIENT,1,18751,Vikram Khan,9544507991,vikram.khan@example.com,2025-09-06,MEDIUM,CLOSED,2025-12-23,0,2019-03-17 00:00:00,
341,OUT00341,New Bazaar,,HORECA,CAFE,Ludhiana,Punjab,3,135992,27.110595,83.316407,54,80,2022-01-14,16000.0,0,19ABCDE8312F1Z0,AMBIENT,0,1247,Pooja Reddy,9566921634,,2026-05-22,LOW,ACTIVE,,0,2022-01-14 00:00:00,
342,OUT00342,Shree Provision,,GT,KIRANA,Indore,Madhya Pradesh,5,383763,11.76163,71.950753,134,44,2018-10-06,183000.0,30,27ABCDE9962F1Z4,AMBIENT,0,25560,Ananya Sinha,9104067267,ananya.sinha@example.com,2025-07-25,MEDIUM,ACTIVE,,0,2018-10-06 00:00:00,
343,OUT00343,Balaji Trading Co,,MT,HYPERMARKET,Nagpur,Maharashtra,5,120383,20.557201,87.924592,119,13,2019-10-29,169000.0,30,29ABCDE8723F1Z1,AMBIENT_CHILLED,1,6696,Tara Pillai,9899506333,,2025-12-02,HIGH,ACTIVE,,0,2019-10-29 00:00:00,
344,OUT00344,Star Bazaar,,GT,GENERAL_STORE,Ludhiana,Punjab,3,232678,27.595484,78.215234,122,21,2020-04-11,787000.0,14,23ABCDE4809F1Z6,AMBIENT,0,8869,Vikram Joshi,9105114466,vikram.joshi@example.com,2025-06-13,HIGH,ACTIVE,,0,2020-04-11 00:00:00,
345,OUT00345,Shree Bazaar,,HORECA,CLOUD_KITCHEN,Jaipur,Rajasthan,3,197501,21.508441,77.511809,140,53,2022-12-14,55000.0,21,17ABCDE3167F1Z6,AMBIENT_CHILLED,0,9215,Ritu Reddy,9442121958,,2026-03-22,HIGH,ACTIVE,,0,2022-12-14 00:00:00,
346,OUT00346,Anand Stores,,GT,GENERAL_STORE,Kolkata,West Bengal,4,218840,12.201077,80.14569,112,28,2021-03-03,819000.0,30,02ABCDE9645F1Z0,AMBIENT,0,23763,Divya Mehta,9125888872,divya.mehta@example.com,2025-08-17,LOW,ACTIVE,,0,2021-03-03 00:00:00,
347,OUT00347,Shree Stores,,GT,GENERAL_STORE,Pune,Maharashtra,1,167358,16.773286,68.838818,23,37,2024-10-27,301000.0,45,31ABCDE4393F1Z7,AMBIENT_CHILLED,0,20142,Naveen Reddy,9326130384,naveen.reddy@example.com,2026-02-01,LOW,ACTIVE,,0,2024-10-27 00:00:00,
348,OUT00348,Sri Stores,,HORECA,HOTEL,Pune,Maharashtra,1,522102,16.128028,78.527685,71,36,2019-08-02,848000.0,7,12ABCDE7061F1Z3,AMBIENT_CHILLED,0,15380,Tara Nair,9824783241,tara.nair@example.com,2026-01-31,LOW,ACTIVE,,0,2019-08-02 00:00:00,
349,OUT00349,Balaji Provision,,GT,GENERAL_STORE,Surat,Gujarat,1,554192,12.493745,87.603491,118,54,2022-11-30,538000.0,0,31ABCDE2300F1Z7,AMBIENT,0,467,Karthik Menon,9478057935,karthik.menon@example.com,2025-09-14,LOW,ACTIVE,,0,2022-11-30 00:00:00,
350,OUT00350,Sri Provision,,GT,KIRANA,Mumbai,Maharashtra,1,772974,20.899088,76.998487,118,78,2019-05-04,792000.0,30,27ABCDE1110F1Z6,AMBIENT,1,12925,Leela Khan,9934333819,leela.khan@example.com,2026-03-02,LOW,ACTIVE,,0,2019-05-04 00:00:00,
351,OUT00351,Metro Supermarket,,GT,KIRANA,Indore,Madhya Pradesh,5,385750,14.375997,78.570659,24,53,2022-01-24,357000.0,7,28ABCDE5718F1Z2,AMBIENT_CHILLED,0,18461,Priya Rao,9616989331,priya.rao@example.com,2026-01-21,LOW,ACTIVE,,0,2022-01-24 00:00:00,
352,OUT00352,Shree Mart,,HORECA,HOTEL,Patna,Bihar,4,626631,26.429689,84.380159,120,73,2022-11-28,841000.0,30,27ABCDE4457F1Z7,AMBIENT,0,6723,Naveen Sinha,9897465313,naveen.sinha@example.com,2025-09-30,MEDIUM,ACTIVE,,0,2022-11-28 00:00:00,
353,OUT00353,Royal Supermarket,,HORECA,CLOUD_KITCHEN,Kolkata,West Bengal,4,272906,25.340171,72.503674,6,33,2018-09-07,875000.0,7,36ABCDE4590F1Z5,AMBIENT,1,20060,Deepak Das,9264473589,deepak.das@example.com,2026-05-28,LOW,DELETED,,1,2018-09-07 00:00:00,
354,OUT00354,Star Provision,,GT,CHEMIST,Indore,Madhya Pradesh,5,322567,26.064293,90.53845,138,9,2023-11-27,841000.0,0,09ABCDE7739F1Z4,AMBIENT,1,24193,Farah Joshi,9276072715,,2025-11-20,LOW,ACTIVE,,0,2023-11-27 00:00:00,
355,OUT00355,Shree Enterprises,,ECOM_DARKSTORE,DARKSTORE,Bengaluru,Karnataka,2,785719,23.942965,80.572607,76,75,2020-08-21,610000.0,0,35ABCDE5890F1Z6,AMBIENT_CHILLED,1,25149,Naveen Sinha,9403605962,naveen.sinha@example.com,2025-10-03,MEDIUM,ACTIVE,,0,2020-08-21 00:00:00,
356,OUT00356,Anand Provision,,GT,KIRANA,Ludhiana,Punjab,3,781833,19.528001,91.123395,41,47,2018-12-28,852000.0,21,25ABCDE9784F1Z8,AMBIENT_CHILLED,0,10243,Divya Kulkarni,9982717071,divya.kulkarni@example.com,2025-09-28,LOW,ACTIVE,,0,2018-12-28 00:00:00,
357,OUT00357,Balaji Provision,,MT,HYPERMARKET,Guwahati,Assam,4,228790,21.451513,77.296183,131,11,2021-01-28,154000.0,30,06ABCDE4204F1Z0,AMBIENT_CHILLED,0,7160,Sanjay Nair,9664592758,sanjay.nair@example.com,2025-11-23,LOW,ACTIVE,,0,2021-01-28 00:00:00,
358,OUT00358,Nova Enterprises,,HORECA,HOTEL,New Delhi,Delhi,3,592659,19.594771,83.918583,97,83,2018-11-12,325000.0,0,21ABCDE3635F1Z5,AMBIENT,0,7971,Rohit Pillai,9530341999,,2025-11-21,LOW,ACTIVE,,0,2018-11-12 00:00:00,
359,OUT00359,Anand Supermarket,,HORECA,CAFE,Indore,Madhya Pradesh,5,629781,24.972031,74.629834,102,12,2024-08-25,668000.0,0,21ABCDE4156F1Z6,AMBIENT,1,11733,Rohit Pillai,9388545850,rohit.pillai@example.com,2025-09-01,MEDIUM,ACTIVE,,0,2024-08-25 00:00:00,
360,OUT00360,Shree Enterprises,,ECOM_DARKSTORE,DARKSTORE,Ludhiana,Punjab,3,230337,31.165762,91.417804,34,60,2021-12-16,569000.0,45,35ABCDE4514F1Z1,AMBIENT,0,10540,Priya Bose,9273675056,priya.bose@example.com,2025-09-18,LOW,ACTIVE,,0,2021-12-16 00:00:00,
361,OUT00361,Anand Bazaar,,MT,SUPERMARKET,Kolkata,West Bengal,4,686910,23.965887,79.999841,126,69,2024-04-06,39000.0,30,07ABCDE6744F1Z8,AMBIENT_CHILLED,0,21023,Ananya Dutta,9726601675,ananya.dutta@example.com,2025-04-01,LOW,ACTIVE,,0,2024-04-06 00:00:00,
362,OUT00362,Shree Mart,,MT,SUPERMARKET,Indore,Madhya Pradesh,5,375923,27.952938,76.110387,92,62,2024-07-01,400000.0,14,05ABCDE2712F1Z2,AMBIENT_CHILLED,0,1517,Suresh Rao,9428380210,suresh.rao@example.com,2025-01-27,MEDIUM,DELETED,,1,2024-07-01 00:00:00,
363,OUT00363,Shree Supermarket,,GT,KIRANA,Kolkata,West Bengal,4,509339,15.358098,72.015527,45,65,2022-03-06,733000.0,45,29ABCDE2701F1Z1,AMBIENT,0,25420,Rahul Dutta,9335203219,,2025-04-08,LOW,ACTIVE,,0,2022-03-06 00:00:00,
364,OUT00364,Royal Provision,,HORECA,QSR,Bangalore,Karnataka,2,273173,9.112806,91.313228,22,89,2018-10-03,128000.0,14,15ABCDE6159F1Z0,AMBIENT_CHILLED,1,14555,Kavya Sinha,9669666766,kavya.sinha@example.com,2026-02-02,LOW,ACTIVE,,0,2018-10-03 00:00:00,
365,OUT00365,Green Stores,,MT,HYPERMARKET,Bangalore,Karnataka,2,294739,10.747564,77.572629,114,36,2021-04-30,663000.0,30,10ABCDE6803F1Z0,AMBIENT,0,13472,Sneha Sharma,9861292795,,2026-04-28,HIGH,ACTIVE,,0,2021-04-30 00:00:00,
366,OUT00366,Anand Supermarket,,HORECA,CAFE,Guwahati,Assam,4,426639,12.461125,91.064189,113,6,2018-12-15,653000.0,30,07ABCDE6682F1Z4,AMBIENT,0,16869,Vikram Bose,9499268853,,2026-05-22,HIGH,ACTIVE,,0,2018-12-15 00:00:00,
367,OUT00367,Balaji Bazaar,,GT,CHEMIST,Hyderabad,Telangana,2,128517,14.690582,90.464059,105,14,2023-08-24,86000.0,0,26ABCDE6808F1Z7,AMBIENT,0,17181,Tara Joshi,9956104342,,2025-04-13,MEDIUM,ACTIVE,,0,2023-08-24 00:00:00,
368,OUT00368,New Supermarket,,GT,CHEMIST,Jaipur,Rajasthan,3,179723,24.204116,71.1169,88,3,2022-11-18,586000.0,45,10ABCDE5985F1Z2,AMBIENT,1,13955,Farah Sinha,9434060020,,2026-06-03,LOW,ACTIVE,,0,2022-11-18 00:00:00,
369,OUT00369,Royal Mart,,GT,KIRANA,Pune,Maharashtra,1,399680,28.893125,85.858763,136,61,2021-06-24,255000.0,30,14ABCDE3274F1Z7,AMBIENT,0,8484,Anil Patel,9551024037,,2025-01-24,MEDIUM,ACTIVE,,0,2021-06-24 00:00:00,
370,OUT00370,Shree Enterprises,,GT,CHEMIST,Nagpur,Maharashtra,5,289021,28.293361,88.532863,78,91,2018-10-14,100000.0,7,18ABCDE6674F1Z8,AMBIENT,0,7906,Sneha Sinha,9943627328,sneha.sinha@example.com,2026-04-15,LOW,ACTIVE,,0,2018-10-14 00:00:00,
371,OUT00371,Nova Mart,,MT,MINI_MARKET,Indore,Madhya Pradesh,5,330143,30.552966,72.757237,21,19,2021-06-05,116000.0,14,31ABCDE5519F1Z2,AMBIENT_CHILLED,0,22000,Ritu Sharma,9432880434,ritu.sharma@example.com,2025-07-27,MEDIUM,ACTIVE,,0,2021-06-05 00:00:00,
372,OUT00372,Anand Enterprises,,GT,GENERAL_STORE,Mumbai,Maharashtra,1,283387,8.668083,79.670205,122,2,2021-05-19,363000.0,30,21ABCDE3029F1Z3,AMBIENT_CHILLED,1,22175,Divya Nair,9182208693,divya.nair@example.com,2025-02-20,LOW,ACTIVE,,0,2021-05-19 00:00:00,
373,OUT00373,Sri Supermarket,,GT,CHEMIST,Gurugram,Haryana,3,696351,26.88807,73.8116,39,61,2024-08-05,755000.0,45,12ABCDE7426F1Z8,AMBIENT_CHILLED,0,7895,Priya Reddy,9647768391,,2025-04-23,HIGH,ACTIVE,,0,2024-08-05 00:00:00,
374,OUT00374,Anand Enterprises,,GT,GENERAL_STORE,Indore,Madhya Pradesh,5,175633,19.264588,79.6679,1,37,2023-04-30,567000.0,45,34ABCDE7323F1Z3,AMBIENT,0,25608,Tara Menon,9459645475,tara.menon@example.com,2025-03-07,MEDIUM,ACTIVE,,0,2023-04-30 00:00:00,
375,OUT00375,New Enterprises,,GT,CHEMIST,Mumbai,Maharashtra,1,611564,28.780055,85.765666,48,52,2023-04-01,205000.0,30,06ABCDE2924F1Z8,AMBIENT_CHILLED,0,15040,Nisha Nair,9313125498,nisha.nair@example.com,2025-07-27,LOW,ACTIVE,,0,2023-04-01 00:00:00,
376,OUT00376,Balaji Stores,,HORECA,QSR,Jaipur,Rajasthan,3,611446,20.128701,85.209189,80,55,2024-03-18,751000.0,45,12ABCDE7877F1Z4,AMBIENT,0,9159,Divya Pillai,9896825631,divya.pillai@example.com,2025-04-23,LOW,ACTIVE,,0,2024-03-18 00:00:00,
377,OUT00377,Shree Stores,,ECOM_DARKSTORE,DARKSTORE,Jaipur,Rajasthan,3,187307,31.054787,78.373313,42,70,2020-06-25,800000.0,14,29ABCDE1308F1Z2,AMBIENT,0,2529,Divya Khan,9204162304,divya.khan@example.com,2026-05-30,LOW,ACTIVE,,0,2020-06-25 00:00:00,
378,OUT00378,Green Bazaar,,ECOM_DARKSTORE,DARKSTORE,Hyderabad,Telangana,2,283053,20.760409,86.503164,136,41,2024-10-29,891000.0,14,08ABCDE1280F1Z0,AMBIENT,1,12395,Sanjay Pillai,9367422018,sanjay.pillai@example.com,2025-06-12,LOW,DELETED,,1,2024-10-29 00:00:00,
379,OUT00379,Sri Bazaar,,GT,KIRANA,Jaipur,Rajasthan,3,747044,29.229179,85.993913,15,59,2021-05-13,46000.0,21,13ABCDE7625F1Z6,AMBIENT,0,4334,Rahul Mehta,9411007152,rahul.mehta@example.com,2025-03-26,HIGH,ACTIVE,,0,2021-05-13 00:00:00,
380,OUT00380,Sri Stores,,MT,SUPERMARKET,Pune,Maharashtra,1,426236,29.769259,72.071063,88,61,2022-11-23,129000.0,7,30ABCDE5111F1Z6,AMBIENT_CHILLED,1,17596,Priya Mehta,9998931363,priya.mehta@example.com,2025-08-05,MEDIUM,ACTIVE,,0,2022-11-23 00:00:00,
381,OUT00381,Shree Trading Co,,MT,MINI_MARKET,Kochi,Kerala,2,432271,14.857457,92.046407,9,30,2018-07-12,69000.0,7,13ABCDE1907F1Z0,AMBIENT_CHILLED,0,11607,Manoj Patel,9125476072,manoj.patel@example.com,2025-08-24,HIGH,ACTIVE,,0,2018-07-12 00:00:00,
382,OUT00382,Royal Supermarket,,HORECA,QSR,Bengaluru,Karnataka,2,545538,31.69466,77.324292,109,36,2021-01-02,644000.0,21,03ABCDE6473F1Z8,AMBIENT,0,6973,Deepak Sharma,9211526833,,2026-03-14,HIGH,ACTIVE,,0,2021-01-02 00:00:00,
383,OUT00383,Green Supermarket,,MT,MINI_MARKET,Chennai,Tamil Nadu,2,676228,11.830893,78.934033,49,38,2022-03-03,413000.0,0,04ABCDE8498F1Z0,AMBIENT,1,22757,Priya Chauhan,9963701339,,2025-05-22,LOW,ACTIVE,,0,2022-03-03 00:00:00,
384,OUT00384,Royal Trading Co,,GT,GENERAL_STORE,Guwahati,Assam,4,411150,18.027163,69.776581,70,59,2018-07-01,478000.0,7,29ABCDE4409F1Z2,AMBIENT,0,10118,Ananya Nair,9430070883,ananya.nair@example.com,2025-04-28,LOW,ACTIVE,,0,2018-07-01 00:00:00,
385,OUT00385,Anand Supermarket,,MT,HYPERMARKET,Nagpur,Maharashtra,5,554236,19.694048,84.930714,58,77,2021-04-09,581000.0,21,23ABCDE9673F1Z5,AMBIENT_CHILLED,0,15518,Manoj Sharma,9182498977,manoj.sharma@example.com,2025-05-07,LOW,ACTIVE,,0,2021-04-09 00:00:00,
386,OUT00386,New Stores,,GT,CHEMIST,Ludhiana,Punjab,3,643734,10.036261,76.434178,15,42,2021-07-06,624000.0,45,01ABCDE7610F1Z7,AMBIENT,0,11768,Sanjay Reddy,9489339735,sanjay.reddy@example.com,2025-12-21,MEDIUM,ACTIVE,,0,2021-07-06 00:00:00,
387,OUT00387,Green Bazaar,,HORECA,CLOUD_KITCHEN,Nagpur,Maharashtra,5,353903,9.206692,72.821672,14,63,2019-12-30,747000.0,30,23ABCDE2340F1Z5,AMBIENT_CHILLED,0,14389,Imran Bose,9527002860,imran.bose@example.com,2025-11-19,MEDIUM,ACTIVE,,0,2019-12-30 00:00:00,
388,OUT00388,Royal Supermarket,,GT,KIRANA,Patna,Bihar,4,411217,24.637939,78.066168,39,38,2020-03-01,370000.0,30,21ABCDE5624F1Z3,AMBIENT_CHILLED,0,3266,Nisha Chauhan,9108626449,nisha.chauhan@example.com,2026-04-07,LOW,ACTIVE,,0,2020-03-01 00:00:00,
389,OUT00389,Royal Trading Co,,MT,HYPERMARKET,Raipur,Chhattisgarh,5,317130,22.411109,72.037641,30,20,2023-12-07,418000.0,0,04ABCDE5497F1Z5,AMBIENT,0,12264,Imran Khan,9785944155,,2026-03-26,LOW,ACTIVE,,0,2023-12-07 00:00:00,
390,OUT00390,Sri Supermarket,,GT,CHEMIST,Raipur,Chhattisgarh,5,118522,24.233796,77.502631,54,73,2024-04-19,17000.0,7,37ABCDE9373F1Z5,AMBIENT,0,7501,Sneha Pillai,9421667555,sneha.pillai@example.com,2025-06-10,MEDIUM,ACTIVE,,0,2024-04-19 00:00:00,
391,OUT00391,Shree Enterprises,,MT,MINI_MARKET,Pune,Maharashtra,1,495582,27.733427,86.368914,6,21,2019-06-08,648000.0,0,01ABCDE1781F1Z8,AMBIENT_CHILLED,0,24981,Imran Pillai,9513366505,,2026-01-13,HIGH,ACTIVE,,0,2019-06-08 00:00:00,
392,OUT00392,Shree Enterprises,,GT,GENERAL_STORE,Hyderabad,Telangana,2,789295,29.667025,69.560532,6,52,2023-05-11,298000.0,45,26ABCDE1311F1Z0,AMBIENT,0,13259,Ananya Ghosh,9499360284,ananya.ghosh@example.com,2025-04-07,LOW,ACTIVE,,0,2023-05-11 00:00:00,
393,OUT00393,Sri Stores,,GT,KIRANA,Raipur,Chhattisgarh,5,455052,14.044526,83.336343,72,23,2023-03-25,36000.0,7,23ABCDE2872F1Z0,AMBIENT_CHILLED,0,1557,Vikram Patel,9496252310,vikram.patel@example.com,2025-10-29,LOW,ACTIVE,,0,2023-03-25 00:00:00,
394,OUT00394,Balaji Mart,,GT,CHEMIST,Gurugram,Haryana,3,651008,9.90264,78.898495,138,92,2023-10-22,846000.0,30,10ABCDE9118F1Z0,AMBIENT,0,19336,Ananya Pillai,9385759085,ananya.pillai@example.com,2026-01-09,LOW,ACTIVE,,0,2023-10-22 00:00:00,
395,OUT00395,Star Trading Co,,MT,SUPERMARKET,Patna,Bihar,4,709096,29.797922,78.670083,105,65,2021-08-05,621000.0,30,36ABCDE9091F1Z1,AMBIENT_CHILLED,0,23398,Manoj Bose,9115922241,,2025-11-12,MEDIUM,ACTIVE,,0,2021-08-05 00:00:00,
396,OUT00396,Royal Bazaar,,GT,CHEMIST,Gurugram,Haryana,3,222169,23.809609,85.490402,55,95,2019-02-27,529000.0,21,34ABCDE2793F1Z3,AMBIENT,0,10531,Vikram Sinha,9935179143,vikram.sinha@example.com,2025-08-31,LOW,ACTIVE,,0,2019-02-27 00:00:00,
397,OUT00397,Balaji Bazaar,,GT,CHEMIST,Indore,Madhya Pradesh,5,216237,12.312223,76.160226,112,19,2024-02-02,313000.0,21,06ABCDE8721F1Z8,AMBIENT,0,8027,Vikram Khan,9287877032,vikram.khan@example.com,2025-06-20,HIGH,ACTIVE,,0,2024-02-02 00:00:00,
398,OUT00398,Royal Stores,,GT,CHEMIST,Guwahati,Assam,4,562904,15.304127,88.74355,82,6,2022-02-26,774000.0,30,19ABCDE8855F1Z7,AMBIENT_CHILLED,0,4396,Rahul Sharma,9308725820,rahul.sharma@example.com,2026-03-15,LOW,ACTIVE,,0,2022-02-26 00:00:00,
399,OUT00399,Green Mart,,ECOM_DARKSTORE,DARKSTORE,Mumbai,Maharashtra,1,411948,10.978394,90.659911,106,23,2022-10-12,628000.0,21,30ABCDE7976F1Z1,AMBIENT,1,25802,Sneha Patel,9400146457,sneha.patel@example.com,2025-10-31,LOW,ACTIVE,,0,2022-10-12 00:00:00,
400,OUT00400,Shree Bazaar,,MT,HYPERMARKET,Pune,Maharashtra,1,582186,25.913255,90.597033,12,26,2020-02-15,746000.0,45,09ABCDE3572F1Z5,AMBIENT,0,847,Naveen Joshi,9195995649,,2025-04-12,LOW,ACTIVE,,0,2020-02-15 00:00:00,
401,OUT00401,New Bazaar,,GT,GENERAL_STORE,Patna,Bihar,4,660766,23.463806,86.715873,17,51,2022-09-11,429000.0,0,05ABCDE1559F1Z3,AMBIENT_CHILLED,0,5970,Vikram Dutta,9774214325,vikram.dutta@example.com,2025-02-10,MEDIUM,ACTIVE,,0,2022-09-11 00:00:00,
402,OUT00402,Royal Supermarket,,MT,MINI_MARKET,Mumbai,Maharashtra,1,528025,17.074882,78.885588,22,16,2024-11-13,265000.0,14,29ABCDE3753F1Z2,AMBIENT_CHILLED,0,20646,Manoj Das,9245453202,manoj.das@example.com,2026-05-06,LOW,ACTIVE,,0,2024-11-13 00:00:00,
403,OUT00403,Star Trading Co,,HORECA,CLOUD_KITCHEN,Pune,Maharashtra,1,658093,13.773626,89.228948,89,22,2024-05-10,838000.0,14,27ABCDE2402F1Z7,AMBIENT_CHILLED,0,11615,Ananya Menon,9260944726,ananya.menon@example.com,2025-02-08,LOW,ACTIVE,,0,2024-05-10 00:00:00,
404,OUT00404,Green Mart,,GT,CHEMIST,Gurugram,Haryana,3,526896,30.220016,85.35344,69,47,2021-04-17,538000.0,45,24ABCDE3793F1Z2,AMBIENT,0,16996,Priya Das,9511237561,priya.das@example.com,2025-01-14,LOW,ACTIVE,,0,2021-04-17 00:00:00,
405,OUT00405,Nova Trading Co,,MT,HYPERMARKET,Chennai,Tamil Nadu,2,644856,13.417938,69.087722,63,36,2019-06-24,687000.0,45,06ABCDE7200F1Z8,AMBIENT,0,14333,Pooja Kulkarni,9224125925,pooja.kulkarni@example.com,2025-05-03,LOW,ACTIVE,,0,2019-06-24 00:00:00,
406,OUT00406,Green Stores,,GT,KIRANA,Hyderabad,Telangana,2,400296,30.644853,77.57859,55,41,2021-09-16,320000.0,7,36ABCDE4796F1Z7,AMBIENT,0,21158,Manoj Joshi,9127914245,manoj.joshi@example.com,2026-03-27,LOW,ACTIVE,,0,2021-09-16 00:00:00,
407,OUT00407,Balaji Stores,,HORECA,HOTEL,New Delhi,Delhi,3,194925,31.718633,82.787981,17,73,2021-01-17,221000.0,21,03ABCDE2315F1Z5,AMBIENT,1,1748,Arjun Nair,9348628952,,2025-02-13,LOW,ACTIVE,,0,2021-01-17 00:00:00,
408,OUT00408,Shree Provision,,ECOM_DARKSTORE,DARKSTORE,Indore,Madhya Pradesh,5,432121,18.340268,80.763914,117,26,2022-02-08,495000.0,7,10ABCDE9559F1Z3,AMBIENT_CHILLED,1,4805,Suresh Ghosh,9488125848,suresh.ghosh@example.com,2025-03-10,LOW,ACTIVE,,0,2022-02-08 00:00:00,
409,OUT00409,Nova Enterprises,,MT,HYPERMARKET,Chennai,Tamil Nadu,2,542926,21.067906,73.52799,85,39,2024-11-29,210000.0,30,37ABCDE9402F1Z6,AMBIENT_CHILLED,0,21692,Pooja Das,9107070741,pooja.das@example.com,2025-10-04,HIGH,CLOSED,2026-03-26,0,2024-11-29 00:00:00,
410,OUT00410,Green Enterprises,,GT,KIRANA,New Delhi,Delhi,3,736720,20.540141,73.20428,56,39,2019-02-05,287000.0,21,05ABCDE7177F1Z4,AMBIENT,1,14752,Imran Kulkarni,9392520335,imran.kulkarni@example.com,2025-06-29,LOW,CLOSED,2026-03-07,0,2019-02-05 00:00:00,
411,OUT00411,Green Enterprises,,GT,KIRANA,Delhi,Delhi,3,798038,20.911769,71.936597,106,56,2023-08-06,349000.0,21,30ABCDE6523F1Z6,AMBIENT_CHILLED,0,24593,Naveen Mehta,9587988795,naveen.mehta@example.com,2026-01-20,HIGH,ACTIVE,,0,2023-08-06 00:00:00,
412,OUT00412,Star Enterprises,,GT,KIRANA,Indore,Madhya Pradesh,5,668652,15.956623,77.797653,81,65,2021-05-01,687000.0,0,12ABCDE9700F1Z7,AMBIENT,0,20311,Ritu Ghosh,9400407649,,2025-05-02,MEDIUM,ACTIVE,,0,2021-05-01 00:00:00,
413,OUT00413,Anand Bazaar,,HORECA,QSR,Mumbai,Maharashtra,1,533971,32.126697,84.740714,57,43,2024-02-04,175000.0,30,14ABCDE2933F1Z4,AMBIENT_CHILLED,0,4875,Leela Sinha,9880995483,leela.sinha@example.com,2025-04-01,LOW,ACTIVE,,0,2024-02-04 00:00:00,
414,OUT00414,Balaji Mart,,GT,GENERAL_STORE,Nagpur,Maharashtra,5,410770,20.610569,85.918704,66,62,2019-05-27,711000.0,7,23ABCDE7138F1Z2,AMBIENT_CHILLED,0,18250,Leela Khan,9218975557,leela.khan@example.com,2025-04-16,LOW,ACTIVE,,0,2019-05-27 00:00:00,
415,OUT00415,Balaji Enterprises,,GT,KIRANA,Jaipur,Rajasthan,3,174113,16.166806,90.346291,74,52,2020-06-06,116000.0,0,22ABCDE4037F1Z1,AMBIENT,1,8764,Sanjay Sharma,9202509017,,2026-05-23,MEDIUM,ACTIVE,,0,2020-06-06 00:00:00,
416,OUT00416,Shree Provision,,GT,KIRANA,Surat,Gujarat,1,626584,20.871909,77.124362,4,83,2021-01-29,731000.0,30,23ABCDE3220F1Z5,AMBIENT_CHILLED,0,4190,Sanjay Patel,9940542762,sanjay.patel@example.com,2025-05-14,LOW,ACTIVE,,0,2021-01-29 00:00:00,
417,OUT00417,Balaji Mart,,MT,SUPERMARKET,Gurugram,Haryana,3,370751,19.227071,75.794412,99,73,2022-07-07,49000.0,30,31ABCDE5398F1Z3,AMBIENT,0,9216,Rohit Reddy,9187607925,rohit.reddy@example.com,2025-07-05,HIGH,ACTIVE,,0,2022-07-07 00:00:00,
418,OUT00418,Metro Stores,,MT,HYPERMARKET,Gurugram,Haryana,3,349157,27.347658,70.123206,1,54,2019-04-04,883000.0,14,12ABCDE9487F1Z3,AMBIENT,1,1649,Suresh Ghosh,9395260236,,2025-10-07,LOW,DELETED,,1,2019-04-04 00:00:00,
419,OUT00419,Royal Provision,,MT,SUPERMARKET,Gurugram,Haryana,3,141914,24.994712,90.068447,12,70,2019-07-06,440000.0,14,02ABCDE4377F1Z5,AMBIENT_CHILLED,0,475,Rohit Verma,9109365195,rohit.verma@example.com,2025-10-18,MEDIUM,ACTIVE,,0,2019-07-06 00:00:00,
420,OUT00420,Nova Trading Co,,HORECA,QSR,Mumbai,Maharashtra,1,162489,23.936883,71.125361,89,69,2019-11-14,149000.0,21,29ABCDE9529F1Z1,AMBIENT,1,20099,Anil Patel,9809090087,,2026-02-21,LOW,ACTIVE,,0,2019-11-14 00:00:00,
421,OUT00421,Star Provision,,GT,GENERAL_STORE,Surat,Gujarat,1,117499,18.023624,71.290367,116,31,2018-07-01,314000.0,7,35ABCDE7713F1Z6,AMBIENT,1,22397,Suresh Kulkarni,9470241837,suresh.kulkarni@example.com,2025-12-09,LOW,ACTIVE,,0,2018-07-01 00:00:00,
422,OUT00422,Nova Mart,,MT,MINI_MARKET,Hyderabad,Telangana,2,553837,18.251654,79.286911,45,69,2024-11-20,330000.0,7,19ABCDE2341F1Z7,AMBIENT_CHILLED,0,7794,Farah Bose,9282878408,farah.bose@example.com,2026-02-06,LOW,DELETED,,1,2024-11-20 00:00:00,
423,OUT00423,Green Provision,,GT,CHEMIST,Ludhiana,Punjab,3,626833,18.1738,90.190065,109,69,2018-09-14,584000.0,0,30ABCDE9273F1Z7,AMBIENT,0,22725,Deepak Nair,9361499573,,2025-02-11,HIGH,ACTIVE,,0,2018-09-14 00:00:00,
424,OUT00424,Sri Trading Co,,GT,GENERAL_STORE,Pune,Maharashtra,1,328712,24.333103,77.926753,97,16,2020-07-11,150000.0,0,20ABCDE5271F1Z1,AMBIENT_CHILLED,1,6892,Ananya Verma,9823470079,ananya.verma@example.com,2025-01-29,MEDIUM,ACTIVE,,0,2020-07-11 00:00:00,
425,OUT00425,Metro Enterprises,,GT,KIRANA,Nagpur,Maharashtra,5,593287,15.574767,83.982038,1,59,2019-03-01,459000.0,21,16ABCDE8421F1Z0,AMBIENT,1,1242,Sanjay Chauhan,9368459575,sanjay.chauhan@example.com,2026-05-19,HIGH,ACTIVE,,0,2019-03-01 00:00:00,
426,OUT00426,Star Bazaar,,GT,CHEMIST,Nagpur,Maharashtra,5,666347,22.087672,86.099459,100,65,2022-01-23,37000.0,45,25ABCDE7698F1Z0,AMBIENT,0,8071,Ananya Verma,9399040272,ananya.verma@example.com,2025-05-26,MEDIUM,ACTIVE,,0,2022-01-23 00:00:00,
427,OUT00427,Royal Trading Co,,GT,CHEMIST,Gurugram,Haryana,3,221530,19.064108,77.783087,46,24,2021-05-07,278000.0,30,25ABCDE9173F1Z4,AMBIENT_CHILLED,0,8431,Pooja Rao,9133214237,pooja.rao@example.com,2026-02-28,LOW,ACTIVE,,0,2021-05-07 00:00:00,
428,OUT00428,Shree Mart,,GT,GENERAL_STORE,Chennai,Tamil Nadu,2,217738,9.198014,89.88281,42,12,2019-01-21,849000.0,30,14ABCDE8010F1Z2,AMBIENT,0,13073,Manoj Rao,9573691845,,2025-02-10,LOW,ACTIVE,,0,2019-01-21 00:00:00,
429,OUT00429,Anand Trading Co,,MT,MINI_MARKET,Jaipur,Rajasthan,3,450545,30.713886,73.309357,108,55,2023-08-28,886000.0,0,26ABCDE7071F1Z2,AMBIENT,1,6466,Anil Mehta,9986477467,anil.mehta@example.com,2025-08-22,MEDIUM,ACTIVE,,0,2023-08-28 00:00:00,
430,OUT00430,Balaji Bazaar,,GT,CHEMIST,Raipur,Chhattisgarh,5,646118,12.929579,86.102592,38,86,2023-01-13,682000.0,0,04ABCDE1922F1Z6,AMBIENT_CHILLED,1,21855,Deepak Patel,9632976905,deepak.patel@example.com,2026-03-12,MEDIUM,ACTIVE,,0,2023-01-13 00:00:00,
431,OUT00431,Nova Trading Co,,GT,CHEMIST,Bengaluru,Karnataka,2,419137,10.339512,74.807702,124,24,2020-07-09,386000.0,45,15ABCDE5569F1Z8,AMBIENT,0,19651,Tara Menon,9959195202,tara.menon@example.com,2025-03-11,HIGH,ACTIVE,,0,2020-07-09 00:00:00,
432,OUT00432,Green Trading Co,,HORECA,QSR,Delhi,Delhi,3,764030,31.046724,89.599036,88,18,2024-08-15,120000.0,14,04ABCDE8106F1Z8,AMBIENT,1,11504,Sanjay Joshi,9890412206,,2026-05-22,LOW,ACTIVE,,0,2024-08-15 00:00:00,
433,OUT00433,Balaji Trading Co,,HORECA,QSR,Jaipur,Rajasthan,3,589924,27.208224,75.941578,1,43,2023-05-21,623000.0,7,20ABCDE4913F1Z2,AMBIENT_CHILLED,0,12762,Pooja Verma,9742323502,pooja.verma@example.com,2025-05-21,MEDIUM,CLOSED,2025-05-01,0,2023-05-21 00:00:00,
434,OUT00434,Green Bazaar,,HORECA,HOTEL,Nagpur,Maharashtra,5,688268,24.300447,69.938315,134,22,2018-08-22,889000.0,14,04ABCDE5652F1Z3,AMBIENT_CHILLED,0,6294,Sneha Pillai,9319487181,sneha.pillai@example.com,2025-10-15,LOW,ACTIVE,,0,2018-08-22 00:00:00,
435,OUT00435,Anand Provision,,GT,CHEMIST,Mumbai,Maharashtra,1,356457,13.715258,72.90109,139,5,2020-12-10,755000.0,14,31ABCDE5035F1Z5,AMBIENT,1,24320,Divya Joshi,9197801130,divya.joshi@example.com,2025-09-11,LOW,ACTIVE,,0,2020-12-10 00:00:00,
436,OUT00436,Anand Mart,,GT,GENERAL_STORE,Ludhiana,Punjab,3,391436,21.358703,77.993852,2,36,2018-07-14,669000.0,45,11ABCDE8498F1Z3,AMBIENT_CHILLED,0,5717,Farah Joshi,9623278450,farah.joshi@example.com,2025-08-24,LOW,ACTIVE,,0,2018-07-14 00:00:00,
437,OUT00437,Sri Bazaar,,GT,CHEMIST,Indore,Madhya Pradesh,5,615667,19.505194,72.575494,33,79,2021-12-13,329000.0,7,22ABCDE1614F1Z4,AMBIENT_CHILLED,1,11987,Pooja Patel,9158349645,pooja.patel@example.com,2025-05-03,LOW,ACTIVE,,0,2021-12-13 00:00:00,
438,OUT00438,Anand Supermarket,,MT,HYPERMARKET,Guwahati,Assam,4,659743,30.013291,91.157731,99,48,2022-11-23,233000.0,0,19ABCDE4955F1Z7,AMBIENT_CHILLED,0,10961,Divya Dutta,9145518206,divya.dutta@example.com,2025-08-15,HIGH,ACTIVE,,0,2022-11-23 00:00:00,
439,OUT00439,Nova Supermarket,,MT,MINI_MARKET,Guwahati,Assam,4,179527,31.38496,72.87037,127,46,2023-08-15,523000.0,14,33ABCDE9176F1Z3,AMBIENT,0,24696,Deepak Menon,9627556872,deepak.menon@example.com,2025-12-11,HIGH,ACTIVE,,0,2023-08-15 00:00:00,
440,OUT00440,Balaji Enterprises,,ECOM_DARKSTORE,DARKSTORE,Chennai,Tamil Nadu,2,719868,10.564679,70.344587,103,35,2019-07-24,491000.0,45,19ABCDE8487F1Z8,AMBIENT,0,3880,Suresh Joshi,9511381376,suresh.joshi@example.com,2025-02-11,MEDIUM,ACTIVE,,0,2019-07-24 00:00:00,
441,OUT00441,Royal Mart,,MT,HYPERMARKET,Kolkata,West Bengal,4,234177,20.862055,82.454697,81,92,2020-05-16,201000.0,45,08ABCDE2169F1Z8,AMBIENT,0,25915,Divya Sinha,9617592484,divya.sinha@example.com,2025-01-12,HIGH,DELETED,,1,2020-05-16 00:00:00,
442,OUT00442,Star Supermarket,,GT,CHEMIST,Ludhiana,Punjab,3,150252,15.294286,71.989545,2,91,2022-07-27,755000.0,30,01ABCDE2081F1Z4,AMBIENT_CHILLED,1,20534,Farah Dutta,9984432954,farah.dutta@example.com,2026-05-02,LOW,DELETED,,1,2022-07-27 00:00:00,
443,OUT00443,Sri Trading Co,,MT,HYPERMARKET,Patna,Bihar,4,619859,17.389801,69.344301,103,83,2019-03-28,776000.0,0,37ABCDE5464F1Z5,AMBIENT,1,18310,Rahul Mehta,9139739439,rahul.mehta@example.com,2025-07-22,LOW,ACTIVE,,0,2019-03-28 00:00:00,
444,OUT00444,Anand Stores,,GT,CHEMIST,Kolkata,West Bengal,4,665689,9.731326,68.809502,46,88,2023-12-11,720000.0,14,17ABCDE7673F1Z5,AMBIENT,0,14434,Vikram Dutta,9502173616,,2025-04-22,LOW,ACTIVE,,0,2023-12-11 00:00:00,
445,OUT00445,Sri Trading Co,,GT,KIRANA,Pune,Maharashtra,1,235510,12.288363,72.62062,30,24,2021-12-11,329000.0,45,33ABCDE9891F1Z6,AMBIENT_CHILLED,0,16847,Farah Das,9394741475,farah.das@example.com,2025-10-30,MEDIUM,ACTIVE,,0,2021-12-11 00:00:00,
446,OUT00446,Shree Bazaar,,GT,GENERAL_STORE,Surat,Gujarat,1,753579,18.978484,69.321485,78,54,2020-11-10,360000.0,0,03ABCDE7980F1Z0,AMBIENT_CHILLED,1,5651,Anil Mehta,9173167725,anil.mehta@example.com,2025-07-28,LOW,ACTIVE,,0,2020-11-10 00:00:00,
447,OUT00447,Sri Supermarket,,GT,KIRANA,Kochi,Kerala,2,258993,11.650411,85.445699,33,90,2024-09-22,665000.0,0,25ABCDE6772F1Z0,AMBIENT,1,15355,Vikram Joshi,9334076216,vikram.joshi@example.com,2025-03-02,LOW,ACTIVE,,0,2024-09-22 00:00:00,
448,OUT00448,Nova Supermarket,,GT,CHEMIST,Nagpur,Maharashtra,5,263273,11.97288,87.637361,38,52,2023-06-27,37000.0,14,02ABCDE2937F1Z3,AMBIENT,0,17556,Priya Dutta,9773306801,priya.dutta@example.com,2025-06-09,LOW,ACTIVE,,0,2023-06-27 00:00:00,
449,OUT00449,Shree Mart,,GT,GENERAL_STORE,Nagpur,Maharashtra,5,687727,25.455897,77.147305,124,41,2019-08-04,327000.0,0,16ABCDE1323F1Z4,AMBIENT_CHILLED,0,19119,Sanjay Verma,9282788808,sanjay.verma@example.com,2025-01-16,MEDIUM,ACTIVE,,0,2019-08-04 00:00:00,
450,OUT00450,Nova Mart,,GT,CHEMIST,Indore,Madhya Pradesh,5,354105,16.369806,75.603426,18,2,2023-05-07,39000.0,21,05ABCDE3037F1Z8,AMBIENT_CHILLED,1,4078,Sanjay Rao,9830180091,sanjay.rao@example.com,2025-10-10,HIGH,ACTIVE,,0,2023-05-07 00:00:00,
451,OUT00451,Balaji Supermarket,,GT,GENERAL_STORE,Guwahati,Assam,4,220921,23.12679,71.330082,9,12,2023-11-08,590000.0,45,04ABCDE8419F1Z0,AMBIENT,1,12225,Tara Dutta,9279745231,tara.dutta@example.com,2025-03-07,HIGH,ACTIVE,,0,2023-11-08 00:00:00,
452,OUT00452,Sri Mart,,MT,MINI_MARKET,Delhi,Delhi,3,651824,16.113115,87.04743,45,20,2023-07-27,181000.0,7,12ABCDE6137F1Z1,AMBIENT_CHILLED,1,7880,Kavya Ghosh,9146991243,kavya.ghosh@example.com,2025-03-26,LOW,ACTIVE,,0,2023-07-27 00:00:00,
453,OUT00453,Balaji Mart,,GT,GENERAL_STORE,Delhi,Delhi,3,783750,8.508542,83.44178,20,22,2018-07-06,189000.0,7,29ABCDE3372F1Z6,AMBIENT,0,20128,Deepak Bose,9756354978,deepak.bose@example.com,2025-04-30,MEDIUM,ACTIVE,,0,2018-07-06 00:00:00,
454,OUT00454,Anand Provision,,MT,HYPERMARKET,Guwahati,Assam,4,169880,22.779741,78.863862,95,23,2019-10-07,855000.0,0,16ABCDE4327F1Z6,AMBIENT_CHILLED,1,4632,Tara Dutta,9553640989,,2025-12-29,LOW,ACTIVE,,0,2019-10-07 00:00:00,
455,OUT00455,Star Stores,,HORECA,CLOUD_KITCHEN,Jaipur,Rajasthan,3,752715,15.66109,91.870186,27,25,2021-08-18,165000.0,30,24ABCDE9324F1Z2,AMBIENT,0,25209,Pooja Sinha,9795200415,,2026-01-18,MEDIUM,ACTIVE,,0,2021-08-18 00:00:00,
456,OUT00456,Sri Provision,,HORECA,QSR,Indore,Madhya Pradesh,5,381471,11.216392,72.158003,69,27,2019-05-31,871000.0,7,01ABCDE8143F1Z1,AMBIENT,0,5858,Pooja Reddy,9259332082,pooja.reddy@example.com,2025-05-13,MEDIUM,ACTIVE,,0,2019-05-31 00:00:00,
457,OUT00457,New Trading Co,,MT,SUPERMARKET,Ludhiana,Punjab,3,314604,15.843964,90.011026,47,36,2019-12-08,313000.0,0,07ABCDE5250F1Z3,AMBIENT,0,6629,Rohit Kulkarni,9870749229,rohit.kulkarni@example.com,2025-10-12,LOW,ACTIVE,,0,2019-12-08 00:00:00,
458,OUT00458,Green Provision,,GT,KIRANA,Mumbai,Maharashtra,1,175090,16.271235,91.735948,68,32,2022-11-28,450000.0,30,27ABCDE6432F1Z2,AMBIENT,0,2370,Farah Bose,9277153794,,2025-12-28,HIGH,DELETED,,1,2022-11-28 00:00:00,
459,OUT00459,Nova Bazaar,,ECOM_DARKSTORE,DARKSTORE,Indore,Madhya Pradesh,5,343901,24.734307,92.098507,23,3,2022-03-13,517000.0,30,37ABCDE2006F1Z3,AMBIENT,1,16376,Imran Kulkarni,9118156762,imran.kulkarni@example.com,2026-04-06,LOW,ACTIVE,,0,2022-03-13 00:00:00,
460,OUT00460,Star Bazaar,,GT,GENERAL_STORE,Guwahati,Assam,4,462382,17.160115,82.372032,62,50,2020-07-13,224000.0,14,12ABCDE7407F1Z8,AMBIENT,0,15090,Anil Ghosh,9276187087,anil.ghosh@example.com,2026-04-26,LOW,ACTIVE,,0,2020-07-13 00:00:00,
461,OUT00461,Nova Enterprises,,MT,SUPERMARKET,Ludhiana,Punjab,3,640395,27.947014,86.040912,44,75,2020-12-21,506000.0,14,16ABCDE5522F1Z7,AMBIENT,1,1780,Kavya Menon,9529183758,kavya.menon@example.com,2025-04-14,LOW,ACTIVE,,0,2020-12-21 00:00:00,
462,OUT00462,Royal Enterprises,,MT,SUPERMARKET,Ludhiana,Punjab,3,450112,13.498326,80.085326,3,44,2024-09-09,110000.0,21,28ABCDE1712F1Z7,AMBIENT,0,14803,Meera Sharma,9419924351,meera.sharma@example.com,2025-03-01,HIGH,ACTIVE,,0,2024-09-09 00:00:00,
463,OUT00463,Star Supermarket,,GT,GENERAL_STORE,Patna,Bihar,4,372715,24.527303,71.194403,94,57,2020-12-31,620000.0,0,05ABCDE8031F1Z5,AMBIENT,0,8791,Karthik Ghosh,9981360187,karthik.ghosh@example.com,2025-11-05,LOW,ACTIVE,,0,2020-12-31 00:00:00,
464,OUT00464,Nova Mart,,GT,GENERAL_STORE,Ludhiana,Punjab,3,325132,26.512399,79.828233,38,68,2023-04-17,114000.0,30,05ABCDE9534F1Z7,AMBIENT,0,3894,Naveen Patel,9218015437,,2025-04-08,LOW,ACTIVE,,0,2023-04-17 00:00:00,
465,OUT00465,New Trading Co,,MT,SUPERMARKET,Chennai,Tamil Nadu,2,640532,10.211228,72.457834,85,6,2023-03-03,865000.0,14,12ABCDE1506F1Z7,AMBIENT,1,23538,Meera Menon,9180017102,meera.menon@example.com,2025-01-09,LOW,ACTIVE,,0,2023-03-03 00:00:00,
466,OUT00466,Sri Bazaar,,MT,SUPERMARKET,Patna,Bihar,4,301492,16.468141,78.40863,6,11,2024-09-30,601000.0,7,17ABCDE9954F1Z6,AMBIENT,1,13958,Imran Rao,9880041563,,2025-09-23,LOW,ACTIVE,,0,2024-09-30 00:00:00,
467,OUT00467,Green Provision,,GT,CHEMIST,Guwahati,Assam,4,348246,16.178193,90.49861,67,8,2024-10-22,67000.0,45,12ABCDE1380F1Z1,AMBIENT,1,17911,Manoj Pillai,9226197636,,2025-10-16,LOW,ACTIVE,,0,2024-10-22 00:00:00,
468,OUT00468,Green Trading Co,,GT,GENERAL_STORE,Surat,Gujarat,1,511515,12.12046,73.408082,13,71,2018-10-11,47000.0,7,21ABCDE4046F1Z7,AMBIENT,0,19883,Priya Dutta,9503468510,,2025-09-30,LOW,ACTIVE,,0,2018-10-11 00:00:00,
469,OUT00469,New Provision,,MT,MINI_MARKET,Indore,Madhya Pradesh,5,684256,18.546918,84.271258,58,49,2020-10-22,209000.0,14,04ABCDE9764F1Z7,AMBIENT,0,636,Naveen Ghosh,9539148464,naveen.ghosh@example.com,2026-03-23,MEDIUM,ACTIVE,,0,2020-10-22 00:00:00,
470,OUT00470,Star Stores,,HORECA,QSR,Gurugram,Haryana,3,688739,29.358751,82.839024,137,72,2021-02-26,556000.0,30,25ABCDE2120F1Z0,AMBIENT_CHILLED,1,17728,Pooja Pillai,9607314140,pooja.pillai@example.com,2025-12-18,LOW,ACTIVE,,0,2021-02-26 00:00:00,
471,OUT00471,Metro Stores,,MT,HYPERMARKET,Surat,Gujarat,1,372953,29.489233,68.82884,91,62,2019-01-20,215000.0,45,32ABCDE3662F1Z2,AMBIENT_CHILLED,1,20431,Sneha Nair,9931121432,sneha.nair@example.com,2026-01-03,HIGH,ACTIVE,,0,2019-01-20 00:00:00,
472,OUT00472,Nova Trading Co,,MT,HYPERMARKET,Hyderabad,Telangana,2,749192,9.259468,88.960092,71,71,2018-11-29,815000.0,30,07ABCDE3602F1Z7,AMBIENT_CHILLED,0,2939,Meera Verma,9630650370,meera.verma@example.com,2025-06-05,LOW,ACTIVE,,0,2018-11-29 00:00:00,
473,OUT00473,Anand Bazaar,,HORECA,HOTEL,Kolkata,West Bengal,4,277816,19.571873,69.373379,42,4,2019-07-31,659000.0,0,11ABCDE4686F1Z5,AMBIENT_CHILLED,1,7334,Sneha Ghosh,9666273893,sneha.ghosh@example.com,2026-01-22,LOW,ACTIVE,,0,2019-07-31 00:00:00,
474,OUT00474,Nova Bazaar,,HORECA,HOTEL,Bengaluru,Karnataka,2,718048,16.554947,81.174924,115,43,2021-03-25,743000.0,21,13ABCDE2676F1Z2,AMBIENT,0,23994,Priya Rao,9110773795,priya.rao@example.com,2025-01-01,HIGH,ACTIVE,,0,2021-03-25 00:00:00,
475,OUT00475,Anand Stores,,MT,SUPERMARKET,Chennai,Tamil Nadu,2,779541,31.116234,73.197206,80,27,2018-10-11,274000.0,21,11ABCDE7937F1Z7,AMBIENT,0,16977,Ritu Joshi,9365293328,,2025-06-15,MEDIUM,ACTIVE,,0,2018-10-11 00:00:00,
476,OUT00476,Anand Provision,,MT,SUPERMARKET,Kolkata,West Bengal,4,309469,10.926727,70.124386,138,41,2023-02-26,212000.0,0,10ABCDE1317F1Z4,AMBIENT_CHILLED,1,4690,Ananya Rao,9267889905,ananya.rao@example.com,2026-03-29,LOW,DELETED,,1,2023-02-26 00:00:00,
477,OUT00477,Royal Supermarket,,MT,SUPERMARKET,Hyderabad,Telangana,2,473813,11.619818,70.490687,37,78,2019-06-09,588000.0,14,23ABCDE5576F1Z7,AMBIENT_CHILLED,0,15623,Ananya Chauhan,9558176325,ananya.chauhan@example.com,2025-09-21,HIGH,ACTIVE,,0,2019-06-09 00:00:00,
478,OUT00478,New Mart,,GT,KIRANA,Kolkata,West Bengal,4,136456,13.198887,80.618101,81,55,2023-10-05,475000.0,45,23ABCDE4075F1Z7,AMBIENT,0,17476,Deepak Joshi,9263162489,,2025-12-20,LOW,ACTIVE,,0,2023-10-05 00:00:00,
479,OUT00479,Balaji Enterprises,,MT,SUPERMARKET,Chennai,Tamil Nadu,2,666799,14.210457,68.838629,1,40,2021-08-15,675000.0,7,03ABCDE7666F1Z0,AMBIENT,1,18630,Kavya Joshi,9996657829,kavya.joshi@example.com,2025-07-25,MEDIUM,ACTIVE,,0,2021-08-15 00:00:00,
480,OUT00480,Balaji Mart,,MT,MINI_MARKET,Jaipur,Rajasthan,3,279686,22.347349,89.606733,44,56,2019-05-21,767000.0,0,06ABCDE8577F1Z4,AMBIENT,1,25717,Farah Dutta,9901223785,farah.dutta@example.com,2025-11-05,LOW,CLOSED,2026-02-08,0,2019-05-21 00:00:00,
481,OUT00481,Metro Stores,,GT,GENERAL_STORE,Nagpur,Maharashtra,5,728592,27.995836,92.445972,133,46,2024-01-30,569000.0,14,11ABCDE2069F1Z5,AMBIENT,0,18740,Rahul Sinha,9372501788,rahul.sinha@example.com,2026-06-16,LOW,ACTIVE,,0,2024-01-30 00:00:00,
482,OUT00482,Nova Stores,,GT,CHEMIST,Jaipur,Rajasthan,3,673511,12.998784,89.088666,65,55,2020-05-29,669000.0,14,36ABCDE8466F1Z4,AMBIENT,0,8296,Rahul Verma,9346897971,rahul.verma@example.com,2025-11-28,HIGH,ACTIVE,,0,2020-05-29 00:00:00,
483,OUT00483,Royal Enterprises,,MT,HYPERMARKET,Hyderabad,Telangana,2,345762,11.492807,77.773542,94,46,2018-11-19,765000.0,7,22ABCDE3195F1Z0,AMBIENT,0,21670,Anil Chauhan,9170769994,anil.chauhan@example.com,2025-04-23,LOW,ACTIVE,,0,2018-11-19 00:00:00,
484,OUT00484,Shree Provision,,GT,CHEMIST,Patna,Bihar,4,510214,16.696012,77.156845,96,67,2023-06-30,268000.0,45,31ABCDE4636F1Z6,AMBIENT_CHILLED,0,9542,Rahul Ghosh,9739779335,rahul.ghosh@example.com,2025-04-09,LOW,CLOSED,2026-02-06,0,2023-06-30 00:00:00,
485,OUT00485,Royal Enterprises,,GT,KIRANA,Surat,Gujarat,1,632666,18.743964,86.978709,74,30,2024-09-19,222000.0,21,16ABCDE8852F1Z2,AMBIENT,0,13785,Rahul Sinha,9188032417,rahul.sinha@example.com,2025-10-30,HIGH,ACTIVE,,0,2024-09-19 00:00:00,
486,OUT00486,Shree Bazaar,,MT,SUPERMARKET,Surat,Gujarat,1,247481,22.356882,84.916872,32,68,2021-08-06,689000.0,0,11ABCDE7133F1Z3,AMBIENT_CHILLED,0,4300,Imran Das,9770193516,imran.das@example.com,2026-04-01,LOW,ACTIVE,,0,2021-08-06 00:00:00,
487,OUT00487,Nova Trading Co,,GT,KIRANA,Pune,Maharashtra,1,212308,25.559577,83.12976,74,86,2023-11-14,42000.0,14,20ABCDE7455F1Z7,AMBIENT_CHILLED,0,8429,Karthik Menon,9565851998,karthik.menon@example.com,2026-02-13,LOW,ACTIVE,,0,2023-11-14 00:00:00,
488,OUT00488,Metro Mart,,GT,KIRANA,Patna,Bihar,4,671508,26.720066,89.123122,39,58,2022-10-06,650000.0,7,25ABCDE1251F1Z4,AMBIENT_CHILLED,0,23847,Ritu Sinha,9679042347,ritu.sinha@example.com,2025-03-03,HIGH,ACTIVE,,0,2022-10-06 00:00:00,
489,OUT00489,Balaji Trading Co,,GT,GENERAL_STORE,Jaipur,Rajasthan,3,454307,17.479379,82.822949,11,78,2018-06-29,57000.0,7,01ABCDE1118F1Z4,AMBIENT,0,17481,Nisha Dutta,9261776381,nisha.dutta@example.com,2025-07-16,MEDIUM,ACTIVE,,0,2018-06-29 00:00:00,
490,OUT00490,Royal Supermarket,,HORECA,CLOUD_KITCHEN,Patna,Bihar,4,251396,15.530077,87.960279,139,15,2023-02-13,158000.0,30,32ABCDE2856F1Z7,AMBIENT,0,4915,Pooja Reddy,9365874521,pooja.reddy@example.com,2026-06-26,HIGH,ACTIVE,,0,2023-02-13 00:00:00,
491,OUT00491,Shree Enterprises,,GT,GENERAL_STORE,Kolkata,West Bengal,4,654367,31.173734,83.081631,59,58,2021-10-21,716000.0,21,04ABCDE5367F1Z7,AMBIENT_CHILLED,0,22738,Manoj Mehta,9883061722,manoj.mehta@example.com,2025-04-01,MEDIUM,ACTIVE,,0,2021-10-21 00:00:00,
492,OUT00492,Sri Trading Co,,ECOM_DARKSTORE,DARKSTORE,Kolkata,West Bengal,4,488705,27.790021,76.874767,117,90,2019-03-09,621000.0,30,36ABCDE9523F1Z2,AMBIENT,1,7821,Nisha Nair,9936451271,nisha.nair@example.com,2026-03-09,LOW,ACTIVE,,0,2019-03-09 00:00:00,
493,OUT00493,Nova Trading Co,,GT,CHEMIST,Guwahati,Assam,4,657993,21.506167,87.182103,109,72,2019-10-16,639000.0,45,03ABCDE4840F1Z8,AMBIENT,0,15935,Pooja Menon,9142348693,pooja.menon@example.com,2025-09-05,LOW,ACTIVE,,0,2019-10-16 00:00:00,
494,OUT00494,New Provision,,HORECA,QSR,Ludhiana,Punjab,3,247804,12.204651,69.521102,61,80,2024-06-08,144000.0,21,36ABCDE3016F1Z2,AMBIENT,1,20821,Vikram Khan,9180148697,vikram.khan@example.com,2025-07-14,LOW,ACTIVE,,0,2024-06-08 00:00:00,
495,OUT00495,New Provision,,GT,CHEMIST,Gurugram,Haryana,3,496866,24.064394,76.666328,78,10,2021-10-19,121000.0,7,32ABCDE1456F1Z5,AMBIENT_CHILLED,0,15278,Imran Das,9737770013,,2025-02-27,LOW,ACTIVE,,0,2021-10-19 00:00:00,
496,OUT00496,Green Enterprises,,GT,GENERAL_STORE,Kochi,Kerala,2,577221,9.770851,91.054552,126,53,2020-05-27,277000.0,14,30ABCDE4496F1Z7,AMBIENT,1,23725,Suresh Ghosh,9741167018,suresh.ghosh@example.com,2025-01-08,HIGH,CLOSED,2025-10-31,0,2020-05-27 00:00:00,
497,OUT00497,Royal Stores,,GT,GENERAL_STORE,Jaipur,Rajasthan,3,234623,26.801915,77.879021,129,54,2019-04-05,591000.0,45,17ABCDE5704F1Z4,AMBIENT,0,22702,Pooja Sharma,9474119476,pooja.sharma@example.com,2026-06-06,LOW,ACTIVE,,0,2019-04-05 00:00:00,
498,OUT00498,Anand Trading Co,,MT,SUPERMARKET,Bangalore,Karnataka,2,392496,16.138905,85.565808,48,75,2021-09-09,566000.0,21,26ABCDE2105F1Z5,AMBIENT_CHILLED,0,18856,Deepak Pillai,9141399653,deepak.pillai@example.com,2025-03-25,MEDIUM,DELETED,,1,2021-09-09 00:00:00,
499,OUT00499,Shree Enterprises,,GT,CHEMIST,Chennai,Tamil Nadu,2,629422,18.114248,77.263075,68,34,2022-12-03,445000.0,7,10ABCDE3669F1Z0,AMBIENT,0,4518,Naveen Dutta,9735627782,naveen.dutta@example.com,2025-01-16,LOW,ACTIVE,,0,2022-12-03 00:00:00,
500,OUT00500,Balaji Enterprises,,GT,GENERAL_STORE,Guwahati,Assam,4,674445,27.598342,82.651883,98,46,2022-11-17,579000.0,7,06ABCDE8657F1Z7,AMBIENT_CHILLED,0,17968,Divya Pillai,9796646902,divya.pillai@example.com,2025-05-03,LOW,ACTIVE,,0,2022-11-17 00:00:00,
501,OUT00501,Nova Stores,,GT,CHEMIST,Hyderabad,Telangana,2,270269,9.847497,79.489774,106,18,2024-01-31,335000.0,45,17ABCDE3278F1Z0,AMBIENT_CHILLED,0,21324,Priya Chauhan,9667133027,priya.chauhan@example.com,2025-11-26,HIGH,CLOSED,2026-02-01,0,2024-01-31 00:00:00,
502,OUT00502,New Stores,,GT,KIRANA,Raipur,Chhattisgarh,5,654777,27.379295,91.968366,14,56,2019-06-07,495000.0,21,30ABCDE8927F1Z2,AMBIENT,0,3603,Kavya Nair,9427748066,kavya.nair@example.com,2026-02-03,LOW,ACTIVE,,0,2019-06-07 00:00:00,
503,OUT00503,Metro Supermarket,,GT,KIRANA,Ludhiana,Punjab,3,684272,19.565197,75.254529,18,81,2024-11-15,118000.0,14,37ABCDE5080F1Z5,AMBIENT,0,20324,Karthik Dutta,9916240850,karthik.dutta@example.com,2026-06-30,HIGH,ACTIVE,,0,2024-11-15 00:00:00,
504,OUT00504,Metro Provision,,GT,GENERAL_STORE,Gurugram,Haryana,3,495986,25.470298,79.165985,56,77,2020-06-10,257000.0,30,18ABCDE8253F1Z8,AMBIENT_CHILLED,1,2022,Tara Rao,9870720053,tara.rao@example.com,2025-12-31,LOW,ACTIVE,,0,2020-06-10 00:00:00,
505,OUT00505,New Mart,,GT,CHEMIST,Jaipur,Rajasthan,3,706821,29.977544,80.791941,60,91,2019-09-11,787000.0,45,30ABCDE4144F1Z5,AMBIENT_CHILLED,0,25748,Leela Patel,9292325860,leela.patel@example.com,2025-10-22,LOW,ACTIVE,,0,2019-09-11 00:00:00,
506,OUT00506,Nova Bazaar,,GT,CHEMIST,Nagpur,Maharashtra,5,766352,12.667103,85.49796,121,34,2024-11-27,686000.0,0,24ABCDE8268F1Z7,AMBIENT,0,24857,Karthik Kulkarni,9914224569,karthik.kulkarni@example.com,2025-09-29,HIGH,ACTIVE,,0,2024-11-27 00:00:00,
507,OUT00507,Royal Trading Co,,MT,MINI_MARKET,Delhi,Delhi,3,531954,12.988018,86.046081,22,71,2020-07-25,203000.0,14,19ABCDE4748F1Z1,AMBIENT,0,417,Kavya Das,9658384011,kavya.das@example.com,2026-06-04,LOW,ACTIVE,,0,2020-07-25 00:00:00,
508,OUT00508,Sri Supermarket,,HORECA,QSR,Chennai,Tamil Nadu,2,688592,11.160267,89.750765,121,48,2021-06-05,103000.0,21,04ABCDE6479F1Z7,AMBIENT,0,11487,Vikram Ghosh,9752363384,vikram.ghosh@example.com,2026-06-11,LOW,DELETED,,1,2021-06-05 00:00:00,
509,OUT00509,Anand Bazaar,,HORECA,HOTEL,Indore,Madhya Pradesh,5,613170,13.101799,72.867041,71,58,2024-02-14,758000.0,7,34ABCDE1677F1Z2,AMBIENT_CHILLED,0,6855,Farah Patel,9919824883,farah.patel@example.com,2025-02-19,LOW,DELETED,,1,2024-02-14 00:00:00,
510,OUT00510,Metro Trading Co,,GT,KIRANA,Patna,Bihar,4,752269,30.67407,77.633773,65,25,2023-12-10,531000.0,14,11ABCDE4714F1Z6,AMBIENT_CHILLED,0,4277,Rohit Sharma,9355298224,rohit.sharma@example.com,2025-09-25,MEDIUM,ACTIVE,,0,2023-12-10 00:00:00,
511,OUT00511,Nova Bazaar,,GT,KIRANA,Bangalore,Karnataka,2,378437,20.256116,69.786124,10,38,2022-06-18,223000.0,21,17ABCDE6702F1Z4,AMBIENT,0,23204,Ritu Dutta,9414265584,ritu.dutta@example.com,2026-01-09,LOW,ACTIVE,,0,2022-06-18 00:00:00,
512,OUT00512,Nova Enterprises,,GT,KIRANA,Jaipur,Rajasthan,3,546083,19.341825,85.478783,136,94,2023-09-29,694000.0,7,13ABCDE6071F1Z3,AMBIENT,1,25368,Karthik Reddy,9506834132,karthik.reddy@example.com,2026-03-22,LOW,ACTIVE,,0,2023-09-29 00:00:00,
513,OUT00513,New Trading Co,,ECOM_DARKSTORE,DARKSTORE,Nagpur,Maharashtra,5,708570,28.296307,70.707116,56,87,2024-09-09,470000.0,14,27ABCDE5829F1Z5,AMBIENT_CHILLED,0,25556,Ritu Pillai,9375775297,ritu.pillai@example.com,2026-01-23,MEDIUM,ACTIVE,,0,2024-09-09 00:00:00,
514,OUT00514,Shree Provision,,GT,KIRANA,Chennai,Tamil Nadu,2,444374,27.983944,72.420477,132,27,2023-07-24,319000.0,30,08ABCDE9212F1Z4,AMBIENT,0,9085,Ananya Ghosh,9137516644,,2025-12-26,MEDIUM,CLOSED,2026-01-11,0,2023-07-24 00:00:00,
515,OUT00515,Star Trading Co,,GT,CHEMIST,Bengaluru,Karnataka,2,685704,24.809964,75.292526,39,3,2018-06-18,99000.0,0,10ABCDE4092F1Z4,AMBIENT_CHILLED,1,11155,Rahul Chauhan,9117646529,rahul.chauhan@example.com,2026-05-25,MEDIUM,ACTIVE,,0,2018-06-18 00:00:00,
516,OUT00516,Royal Mart,,GT,GENERAL_STORE,Mumbai,Maharashtra,1,677658,20.267389,77.74746,108,1,2022-06-22,855000.0,0,35ABCDE6408F1Z0,AMBIENT,0,9095,Divya Chauhan,9867339263,divya.chauhan@example.com,2025-04-24,MEDIUM,ACTIVE,,0,2022-06-22 00:00:00,
517,OUT00517,Star Mart,,GT,GENERAL_STORE,Pune,Maharashtra,1,489577,17.166064,88.148517,32,86,2020-09-08,711000.0,21,37ABCDE4389F1Z4,AMBIENT_CHILLED,1,1501,Rohit Reddy,9937934542,rohit.reddy@example.com,2026-05-15,LOW,ACTIVE,,0,2020-09-08 00:00:00,
518,OUT00518,Star Mart,,GT,CHEMIST,Hyderabad,Telangana,2,502435,13.069119,90.660697,57,22,2022-05-20,510000.0,14,01ABCDE9013F1Z1,AMBIENT,0,14725,Priya Sharma,9243486224,,2025-12-20,MEDIUM,CLOSED,2025-09-23,0,2022-05-20 00:00:00,
519,OUT00519,Star Mart,,HORECA,HOTEL,Kolkata,West Bengal,4,539600,19.389765,86.178779,116,37,2018-06-23,214000.0,7,21ABCDE1384F1Z6,AMBIENT,0,18100,Priya Joshi,9823987451,priya.joshi@example.com,2025-07-03,LOW,ACTIVE,,0,2018-06-23 00:00:00,
520,OUT00520,Shree Stores,,GT,CHEMIST,Jaipur,Rajasthan,3,417717,29.832203,80.062274,126,77,2023-10-24,229000.0,14,22ABCDE9129F1Z3,AMBIENT,0,23526,Arjun Patel,9903385274,arjun.patel@example.com,2025-05-21,HIGH,ACTIVE,,0,2023-10-24 00:00:00,
521,OUT00521,Anand Supermarket,,ECOM_DARKSTORE,DARKSTORE,Jaipur,Rajasthan,3,652214,21.086094,84.084585,124,18,2022-11-10,672000.0,14,34ABCDE5257F1Z4,AMBIENT,0,18199,Karthik Reddy,9916343593,,2025-04-22,LOW,ACTIVE,,0,2022-11-10 00:00:00,
522,OUT00522,Nova Provision,,GT,KIRANA,Ludhiana,Punjab,3,119723,24.544782,85.026311,6,15,2021-08-26,68000.0,14,37ABCDE7595F1Z6,AMBIENT,0,11443,Vikram Menon,9419078296,vikram.menon@example.com,2026-01-03,LOW,ACTIVE,,0,2021-08-26 00:00:00,
523,OUT00523,Royal Provision,,MT,SUPERMARKET,Patna,Bihar,4,202155,18.738125,71.239413,88,56,2021-04-09,241000.0,14,01ABCDE4725F1Z4,AMBIENT,0,23610,Naveen Sharma,9225634518,naveen.sharma@example.com,2025-03-08,LOW,ACTIVE,,0,2021-04-09 00:00:00,
524,OUT00524,Balaji Supermarket,,ECOM_DARKSTORE,DARKSTORE,Nagpur,Maharashtra,5,636521,18.589361,91.495882,26,93,2018-11-04,20000.0,30,30ABCDE7166F1Z7,AMBIENT,0,18416,Sneha Bose,9341897695,sneha.bose@example.com,2025-12-11,LOW,ACTIVE,,0,2018-11-04 00:00:00,
525,OUT00525,Balaji Mart,,MT,SUPERMARKET,Nagpur,Maharashtra,5,290105,13.020722,75.834169,29,35,2019-10-16,53000.0,0,29ABCDE5457F1Z0,AMBIENT_CHILLED,0,9509,Leela Patel,9872327366,,2025-12-15,LOW,ACTIVE,,0,2019-10-16 00:00:00,
526,OUT00526,Green Provision,,GT,GENERAL_STORE,Bengaluru,Karnataka,2,213540,32.241027,75.727668,114,50,2022-01-07,712000.0,14,32ABCDE2962F1Z1,AMBIENT,0,8004,Vikram Dutta,9317650273,vikram.dutta@example.com,2026-01-29,MEDIUM,ACTIVE,,0,2022-01-07 00:00:00,
527,OUT00527,Royal Stores,,GT,CHEMIST,Guwahati,Assam,4,292610,30.252849,82.765257,69,83,2023-11-06,348000.0,30,15ABCDE5156F1Z8,AMBIENT,0,23971,Deepak Joshi,9561391066,deepak.joshi@example.com,2025-11-16,HIGH,CLOSED,2026-05-28,0,2023-11-06 00:00:00,
528,OUT00528,Sri Stores,,GT,KIRANA,Mumbai,Maharashtra,1,645120,18.883802,79.882149,21,22,2023-09-11,229000.0,21,31ABCDE7279F1Z1,AMBIENT,1,12710,Nisha Mehta,9450214511,nisha.mehta@example.com,2025-10-12,HIGH,CLOSED,2025-10-07,0,2023-09-11 00:00:00,
529,OUT00529,Shree Bazaar,,GT,CHEMIST,Jaipur,Rajasthan,3,139929,9.124309,89.646566,28,13,2024-07-13,344000.0,7,20ABCDE8600F1Z7,AMBIENT,0,16307,Meera Chauhan,9671615925,meera.chauhan@example.com,2025-03-05,HIGH,ACTIVE,,0,2024-07-13 00:00:00,
530,OUT00530,Green Bazaar,,MT,SUPERMARKET,Patna,Bihar,4,600504,10.931134,82.544137,56,57,2021-10-29,522000.0,14,33ABCDE6595F1Z1,AMBIENT,0,19345,Sanjay Mehta,9928096632,sanjay.mehta@example.com,2025-12-09,MEDIUM,DELETED,,1,2021-10-29 00:00:00,
531,OUT00531,Balaji Stores,,MT,SUPERMARKET,Jaipur,Rajasthan,3,394560,32.265468,87.932381,53,69,2019-02-11,729000.0,0,08ABCDE7290F1Z2,AMBIENT,0,8176,Rohit Bose,9566968359,,2025-06-18,HIGH,ACTIVE,,0,2019-02-11 00:00:00,
532,OUT00532,Anand Mart,,MT,HYPERMARKET,Patna,Bihar,4,703026,25.111944,87.433144,42,1,2023-05-25,15000.0,30,19ABCDE6754F1Z1,AMBIENT,1,2530,Vikram Sharma,9756819662,vikram.sharma@example.com,2026-01-02,LOW,ACTIVE,,0,2023-05-25 00:00:00,
533,OUT00533,Sri Bazaar,,GT,KIRANA,Delhi,Delhi,3,301181,20.796716,83.949037,70,69,2022-09-05,605000.0,14,02ABCDE7607F1Z7,AMBIENT,0,4278,Arjun Chauhan,9478979990,arjun.chauhan@example.com,2025-12-25,MEDIUM,ACTIVE,,0,2022-09-05 00:00:00,
534,OUT00534,Balaji Trading Co,,GT,KIRANA,Gurugram,Haryana,3,393527,31.906121,89.645808,6,84,2020-09-16,273000.0,21,26ABCDE1282F1Z6,AMBIENT,0,18708,Naveen Bose,9566131765,naveen.bose@example.com,2026-01-13,HIGH,CLOSED,2026-05-21,0,2020-09-16 00:00:00,
535,OUT00535,Star Provision,,ECOM_DARKSTORE,DARKSTORE,Guwahati,Assam,4,600619,14.823526,83.378991,80,36,2023-05-23,294000.0,0,05ABCDE6638F1Z0,AMBIENT,0,20127,Priya Reddy,9805115780,priya.reddy@example.com,2025-08-07,LOW,ACTIVE,,0,2023-05-23 00:00:00,
536,OUT00536,New Provision,,MT,SUPERMARKET,Ludhiana,Punjab,3,790423,25.184401,72.945224,32,5,2019-12-11,254000.0,21,32ABCDE4941F1Z6,AMBIENT,0,7413,Farah Sinha,9761239462,,2026-06-24,LOW,ACTIVE,,0,2019-12-11 00:00:00,
537,OUT00537,Shree Mart,,GT,GENERAL_STORE,Hyderabad,Telangana,2,778341,18.658525,76.484758,128,92,2020-10-17,231000.0,45,25ABCDE8271F1Z1,AMBIENT_CHILLED,0,21960,Imran Reddy,9142097224,,2025-01-17,LOW,ACTIVE,,0,2020-10-17 00:00:00,
538,OUT00538,Nova Enterprises,,GT,GENERAL_STORE,Raipur,Chhattisgarh,5,373653,30.611431,74.383109,89,68,2023-06-07,602000.0,30,20ABCDE8017F1Z3,AMBIENT,1,20483,Sneha Patel,9341201740,sneha.patel@example.com,2025-08-01,LOW,ACTIVE,,0,2023-06-07 00:00:00,
539,OUT00539,Anand Trading Co,,GT,KIRANA,Ludhiana,Punjab,3,366291,28.452486,75.897963,87,70,2024-07-05,890000.0,21,32ABCDE1174F1Z0,AMBIENT,0,8042,Divya Rao,9518149223,,2025-10-03,LOW,ACTIVE,,0,2024-07-05 00:00:00,
540,OUT00540,Sri Stores,,GT,KIRANA,Kochi,Kerala,2,458112,13.00086,86.256724,69,46,2023-09-20,305000.0,21,33ABCDE7004F1Z4,AMBIENT_CHILLED,1,24690,Tara Khan,9566643032,,2025-08-16,LOW,ACTIVE,,0,2023-09-20 00:00:00,
541,OUT00541,Green Mart,,GT,KIRANA,Indore,Madhya Pradesh,5,442308,29.139043,80.591577,53,42,2020-10-26,352000.0,0,37ABCDE5183F1Z4,AMBIENT,1,20199,Rahul Bose,9396833282,,2026-04-17,LOW,ACTIVE,,0,2020-10-26 00:00:00,
542,OUT00542,Nova Stores,,GT,KIRANA,Kolkata,West Bengal,4,291272,25.13758,85.248888,65,80,2021-04-08,802000.0,7,17ABCDE3190F1Z5,AMBIENT,1,12655,Divya Chauhan,9650721937,divya.chauhan@example.com,2025-02-15,HIGH,ACTIVE,,0,2021-04-08 00:00:00,
543,OUT00543,Nova Mart,,ECOM_DARKSTORE,DARKSTORE,Bengaluru,Karnataka,2,513805,9.680995,75.79052,6,21,2022-01-03,133000.0,7,22ABCDE9531F1Z6,AMBIENT_CHILLED,0,13886,Manoj Patel,9434181969,manoj.patel@example.com,2025-08-22,LOW,CLOSED,2025-12-31,0,2022-01-03 00:00:00,
544,OUT00544,Star Bazaar,,GT,KIRANA,Bangalore,Karnataka,2,124451,14.108219,92.317259,7,88,2020-12-12,366000.0,14,06ABCDE5735F1Z0,AMBIENT_CHILLED,0,14669,Rahul Khan,9645167846,,2026-02-24,LOW,ACTIVE,,0,2020-12-12 00:00:00,
545,OUT00545,Green Supermarket,,GT,KIRANA,Chennai,Tamil Nadu,2,780502,18.470641,87.696029,46,71,2024-06-04,297000.0,30,30ABCDE7768F1Z1,AMBIENT,1,21371,Divya Kulkarni,9386218141,divya.kulkarni@example.com,2025-01-19,MEDIUM,ACTIVE,,0,2024-06-04 00:00:00,
546,OUT00546,Balaji Bazaar,,MT,MINI_MARKET,Raipur,Chhattisgarh,5,504560,28.141815,82.688333,139,58,2021-09-01,483000.0,45,37ABCDE8542F1Z8,AMBIENT_CHILLED,1,20212,Manoj Dutta,9650970357,manoj.dutta@example.com,2025-10-28,LOW,CLOSED,2026-02-16,0,2021-09-01 00:00:00,
547,OUT00547,Nova Enterprises,,GT,KIRANA,Raipur,Chhattisgarh,5,413071,19.724284,74.681587,61,54,2020-05-07,480000.0,45,20ABCDE4435F1Z0,AMBIENT,0,2635,Karthik Dutta,9129288044,karthik.dutta@example.com,2025-12-08,LOW,ACTIVE,,0,2020-05-07 00:00:00,
548,OUT00548,Star Provision,,GT,KIRANA,Hyderabad,Telangana,2,302404,18.956008,86.566354,39,52,2020-06-11,93000.0,7,10ABCDE1700F1Z5,AMBIENT,0,20123,Ritu Reddy,9936437415,,2025-06-19,LOW,ACTIVE,,0,2020-06-11 00:00:00,
549,OUT00549,Shree Enterprises,,GT,CHEMIST,Hyderabad,Telangana,2,740477,21.81978,92.331024,124,69,2024-04-18,582000.0,30,04ABCDE5800F1Z1,AMBIENT,0,9665,Farah Sinha,9840517488,farah.sinha@example.com,2025-06-27,LOW,ACTIVE,,0,2024-04-18 00:00:00,
550,OUT00550,Anand Bazaar,,MT,SUPERMARKET,Patna,Bihar,4,644521,24.539928,74.566876,18,81,2024-06-21,471000.0,30,22ABCDE7596F1Z0,AMBIENT_CHILLED,0,18935,Naveen Rao,9881287121,naveen.rao@example.com,2025-02-07,LOW,ACTIVE,,0,2024-06-21 00:00:00,
551,OUT00551,New Mart,,HORECA,CLOUD_KITCHEN,Delhi,Delhi,3,327440,25.346091,81.134741,17,33,2021-03-12,628000.0,21,26ABCDE9644F1Z0,AMBIENT_CHILLED,0,10908,Anil Ghosh,9766039351,,2026-04-16,LOW,ACTIVE,,0,2021-03-12 00:00:00,
552,OUT00552,Royal Bazaar,,GT,GENERAL_STORE,Pune,Maharashtra,1,267792,27.369326,89.703491,93,73,2019-04-07,762000.0,45,09ABCDE3712F1Z7,AMBIENT,1,23590,Farah Joshi,9176559853,farah.joshi@example.com,2025-12-23,LOW,CLOSED,2025-11-01,0,2019-04-07 00:00:00,
553,OUT00553,Metro Provision,,GT,GENERAL_STORE,Kolkata,West Bengal,4,516467,32.222525,75.374285,21,62,2021-10-07,310000.0,45,31ABCDE4941F1Z7,AMBIENT_CHILLED,1,23372,Vikram Dutta,9217241240,vikram.dutta@example.com,2025-07-04,HIGH,ACTIVE,,0,2021-10-07 00:00:00,
554,OUT00554,Royal Provision,,HORECA,QSR,Delhi,Delhi,3,166599,13.836881,77.255194,47,63,2021-01-23,222000.0,30,15ABCDE8152F1Z3,AMBIENT,0,17245,Priya Reddy,9411497824,,2025-11-04,LOW,CLOSED,2025-09-18,0,2021-01-23 00:00:00,
555,OUT00555,Metro Provision,,HORECA,CLOUD_KITCHEN,Kochi,Kerala,2,780436,14.277736,90.817094,21,78,2021-04-13,97000.0,0,37ABCDE8313F1Z7,AMBIENT,0,12893,Sanjay Bose,9669277797,sanjay.bose@example.com,2026-03-12,HIGH,ACTIVE,,0,2021-04-13 00:00:00,
556,OUT00556,Anand Enterprises,,HORECA,CAFE,Gurugram,Haryana,3,737988,16.361075,72.393772,89,67,2023-12-03,410000.0,7,27ABCDE9286F1Z2,AMBIENT_CHILLED,0,18801,Rohit Kulkarni,9315920440,rohit.kulkarni@example.com,2025-06-05,LOW,ACTIVE,,0,2023-12-03 00:00:00,
557,OUT00557,New Provision,,ECOM_DARKSTORE,DARKSTORE,Mumbai,Maharashtra,1,485651,18.660403,71.082445,53,17,2020-02-22,92000.0,7,16ABCDE5629F1Z3,AMBIENT,0,12723,Pooja Reddy,9800778100,,2025-06-04,HIGH,ACTIVE,,0,2020-02-22 00:00:00,
558,OUT00558,Royal Enterprises,,GT,CHEMIST,Mumbai,Maharashtra,1,439997,11.603322,76.224133,126,75,2021-11-08,658000.0,14,11ABCDE9167F1Z2,AMBIENT_CHILLED,0,3485,Priya Rao,9299687778,priya.rao@example.com,2026-03-11,MEDIUM,DELETED,,1,2021-11-08 00:00:00,
559,OUT00559,Green Supermarket,,GT,KIRANA,Guwahati,Assam,4,521926,31.88628,77.414426,117,74,2022-04-16,739000.0,7,23ABCDE7383F1Z1,AMBIENT_CHILLED,0,8485,Arjun Patel,9289312881,arjun.patel@example.com,2026-05-23,LOW,ACTIVE,,0,2022-04-16 00:00:00,
560,OUT00560,Royal Mart,,GT,GENERAL_STORE,Surat,Gujarat,1,670959,31.730333,74.838924,26,22,2021-09-19,289000.0,45,25ABCDE2606F1Z2,AMBIENT_CHILLED,0,20044,Kavya Sharma,9741007906,kavya.sharma@example.com,2025-12-18,LOW,ACTIVE,,0,2021-09-19 00:00:00,
561,OUT00561,Sri Bazaar,,GT,CHEMIST,Chennai,Tamil Nadu,2,657720,16.210511,71.025731,34,45,2019-06-02,551000.0,7,22ABCDE7041F1Z1,AMBIENT_CHILLED,1,1474,Suresh Rao,9816321912,suresh.rao@example.com,2025-09-16,LOW,ACTIVE,,0,2019-06-02 00:00:00,
562,OUT00562,New Trading Co,,GT,GENERAL_STORE,Guwahati,Assam,4,240255,8.571336,87.336661,55,79,2018-09-26,119000.0,14,35ABCDE6364F1Z3,AMBIENT,1,10358,Anil Khan,9700673475,,2025-12-10,LOW,ACTIVE,,0,2018-09-26 00:00:00,
563,OUT00563,Green Mart,,GT,KIRANA,Kolkata,West Bengal,4,541348,31.392453,75.952183,13,34,2023-06-26,358000.0,21,22ABCDE8391F1Z4,AMBIENT,0,18412,Pooja Rao,9462536041,pooja.rao@example.com,2025-10-24,LOW,ACTIVE,,0,2023-06-26 00:00:00,
564,OUT00564,Shree Provision,,GT,KIRANA,Chennai,Tamil Nadu,2,723557,30.426487,89.127957,13,16,2024-05-17,66000.0,7,06ABCDE8640F1Z1,AMBIENT,1,6182,Tara Mehta,9355443900,,2025-08-06,MEDIUM,ACTIVE,,0,2024-05-17 00:00:00,
565,OUT00565,Balaji Provision,,GT,GENERAL_STORE,Hyderabad,Telangana,2,796549,30.029818,78.662982,83,31,2024-03-11,663000.0,45,25ABCDE3357F1Z7,AMBIENT_CHILLED,0,16567,Divya Khan,9677632428,,2025-03-31,MEDIUM,ACTIVE,,0,2024-03-11 00:00:00,
566,OUT00566,Nova Provision,,GT,KIRANA,Pune,Maharashtra,1,714301,29.421216,73.225715,14,50,2020-03-21,797000.0,45,16ABCDE4270F1Z0,AMBIENT,0,17704,Arjun Nair,9144207813,arjun.nair@example.com,2026-05-24,LOW,ACTIVE,,0,2020-03-21 00:00:00,
567,OUT00567,Star Trading Co,,HORECA,QSR,Gurugram,Haryana,3,542250,23.60286,84.236632,1,23,2020-01-21,771000.0,0,33ABCDE7172F1Z4,AMBIENT,0,1879,Ananya Sinha,9484080799,ananya.sinha@example.com,2025-06-28,MEDIUM,ACTIVE,,0,2020-01-21 00:00:00,
568,OUT00568,Nova Mart,,MT,HYPERMARKET,Mumbai,Maharashtra,1,337440,19.439325,87.365014,9,66,2024-11-16,499000.0,21,05ABCDE1271F1Z4,AMBIENT,0,24595,Deepak Kulkarni,9193339372,,2025-06-20,HIGH,ACTIVE,,0,2024-11-16 00:00:00,
569,OUT00569,Shree Bazaar,,MT,MINI_MARKET,Bangalore,Karnataka,2,569106,22.451459,69.166378,32,3,2024-03-29,348000.0,30,16ABCDE4597F1Z4,AMBIENT_CHILLED,0,14408,Rohit Mehta,9597614930,,2026-01-14,LOW,ACTIVE,,0,2024-03-29 00:00:00,
570,OUT00570,Green Enterprises,,HORECA,CAFE,Indore,Madhya Pradesh,5,203075,14.230869,76.622806,48,15,2023-02-05,540000.0,7,01ABCDE3420F1Z5,AMBIENT,0,12438,Arjun Dutta,9606885315,arjun.dutta@example.com,2025-04-04,HIGH,ACTIVE,,0,2023-02-05 00:00:00,
571,OUT00571,Green Bazaar,,MT,HYPERMARKET,Guwahati,Assam,4,514034,18.201113,90.786678,108,50,2020-02-27,413000.0,45,36ABCDE3567F1Z7,AMBIENT,0,8532,Priya Ghosh,9906487059,priya.ghosh@example.com,2025-04-06,LOW,ACTIVE,,0,2020-02-27 00:00:00,
572,OUT00572,Sri Bazaar,,GT,CHEMIST,New Delhi,Delhi,3,652777,11.85038,75.38254,115,9,2021-10-12,371000.0,45,01ABCDE7211F1Z1,AMBIENT,0,18607,Pooja Ghosh,9241958878,pooja.ghosh@example.com,2025-11-09,LOW,ACTIVE,,0,2021-10-12 00:00:00,
573,OUT00573,Balaji Trading Co,,MT,SUPERMARKET,Kochi,Kerala,2,465666,15.570524,86.139618,35,51,2022-08-11,335000.0,30,09ABCDE7741F1Z1,AMBIENT,0,13780,Ritu Ghosh,9588054483,,2026-01-30,MEDIUM,CLOSED,2025-08-26,0,2022-08-11 00:00:00,
574,OUT00574,Anand Provision,,GT,KIRANA,Ludhiana,Punjab,3,718423,29.103053,91.601415,73,3,2023-03-04,542000.0,30,03ABCDE4775F1Z1,AMBIENT,0,3159,Sneha Khan,9428011104,,2025-12-15,HIGH,ACTIVE,,0,2023-03-04 00:00:00,
575,OUT00575,Sri Mart,,HORECA,QSR,Bangalore,Karnataka,2,583914,30.019677,82.500311,72,70,2019-10-18,122000.0,7,34ABCDE2683F1Z4,AMBIENT,1,12365,Arjun Ghosh,9844153273,,2026-02-06,HIGH,DELETED,,1,2019-10-18 00:00:00,
576,OUT00576,New Bazaar,,GT,KIRANA,Ludhiana,Punjab,3,164395,13.875937,83.915444,23,18,2024-08-10,24000.0,45,21ABCDE2366F1Z7,AMBIENT,0,23535,Imran Khan,9185672625,,2026-06-24,HIGH,ACTIVE,,0,2024-08-10 00:00:00,
577,OUT00577,Sri Provision,,ECOM_DARKSTORE,DARKSTORE,Guwahati,Assam,4,700869,27.798373,83.594938,22,95,2021-05-02,890000.0,14,17ABCDE3711F1Z2,AMBIENT,0,12304,Deepak Nair,9797544930,deepak.nair@example.com,2025-04-16,LOW,ACTIVE,,0,2021-05-02 00:00:00,
578,OUT00578,Sri Provision,,MT,MINI_MARKET,Patna,Bihar,4,609393,26.042798,77.758917,138,35,2020-01-01,402000.0,7,04ABCDE9944F1Z8,AMBIENT,1,5466,Anil Verma,9552258924,anil.verma@example.com,2026-04-18,MEDIUM,ACTIVE,,0,2020-01-01 00:00:00,
579,OUT00579,Anand Stores,,GT,KIRANA,Gurugram,Haryana,3,602374,29.946222,75.090043,91,70,2021-09-07,46000.0,14,11ABCDE8853F1Z6,AMBIENT_CHILLED,0,19831,Naveen Reddy,9464066784,naveen.reddy@example.com,2025-09-17,HIGH,ACTIVE,,0,2021-09-07 00:00:00,
580,OUT00580,Green Provision,,GT,KIRANA,Pune,Maharashtra,1,215543,18.171373,78.1103,64,43,2019-01-16,530000.0,30,33ABCDE6704F1Z0,AMBIENT,0,19924,Vikram Pillai,9716721218,vikram.pillai@example.com,2025-06-26,MEDIUM,ACTIVE,,0,2019-01-16 00:00:00,
581,OUT00581,Metro Mart,,MT,MINI_MARKET,Ludhiana,Punjab,3,162162,31.729151,73.445402,26,76,2021-06-04,27000.0,30,17ABCDE3628F1Z2,AMBIENT,0,13010,Ritu Pillai,9510487246,ritu.pillai@example.com,2025-03-23,LOW,ACTIVE,,0,2021-06-04 00:00:00,
582,OUT00582,Sri Stores,,GT,GENERAL_STORE,Mumbai,Maharashtra,1,258762,13.900792,70.052741,90,10,2021-05-22,644000.0,14,28ABCDE2990F1Z5,AMBIENT,0,1267,Sanjay Chauhan,9973635299,sanjay.chauhan@example.com,2026-01-19,LOW,ACTIVE,,0,2021-05-22 00:00:00,
583,OUT00583,Sri Bazaar,,MT,MINI_MARKET,Chennai,Tamil Nadu,2,229402,14.268736,74.920801,52,63,2021-09-17,764000.0,14,17ABCDE1575F1Z6,AMBIENT_CHILLED,0,18302,Manoj Joshi,9786353488,,2025-09-20,LOW,ACTIVE,,0,2021-09-17 00:00:00,
584,OUT00584,Green Enterprises,,MT,MINI_MARKET,Kochi,Kerala,2,690561,8.425026,81.061219,126,90,2024-03-13,791000.0,7,34ABCDE8179F1Z4,AMBIENT_CHILLED,0,21272,Sanjay Nair,9368786955,sanjay.nair@example.com,2025-09-03,LOW,ACTIVE,,0,2024-03-13 00:00:00,
585,OUT00585,Shree Supermarket,,HORECA,CLOUD_KITCHEN,Kochi,Kerala,2,665488,12.260461,81.998808,82,81,2021-10-28,162000.0,45,30ABCDE6069F1Z2,AMBIENT,1,4721,Ananya Khan,9353736156,,2025-02-09,LOW,ACTIVE,,0,2021-10-28 00:00:00,
586,OUT00586,Star Mart,,GT,KIRANA,Surat,Gujarat,1,660687,8.583655,83.940444,67,40,2020-03-16,872000.0,45,07ABCDE8685F1Z2,AMBIENT,1,17872,Sneha Ghosh,9483703409,sneha.ghosh@example.com,2026-05-26,MEDIUM,ACTIVE,,0,2020-03-16 00:00:00,
587,OUT00587,Anand Mart,,HORECA,HOTEL,Kochi,Kerala,2,363397,28.725079,86.351387,121,14,2024-08-12,292000.0,7,07ABCDE9197F1Z1,AMBIENT,0,19836,Karthik Menon,9362421670,,2025-08-24,LOW,ACTIVE,,0,2024-08-12 00:00:00,
588,OUT00588,Star Stores,,GT,GENERAL_STORE,Kochi,Kerala,2,135849,11.017003,75.57155,114,43,2024-02-17,327000.0,0,26ABCDE9310F1Z5,AMBIENT,0,4218,Imran Menon,9172421072,imran.menon@example.com,2026-06-22,LOW,CLOSED,2026-05-31,0,2024-02-17 00:00:00,
589,OUT00589,Balaji Bazaar,,GT,CHEMIST,Raipur,Chhattisgarh,5,385234,19.666379,76.293385,134,17,2022-08-15,287000.0,14,01ABCDE4103F1Z6,AMBIENT,0,15770,Karthik Bose,9520672808,karthik.bose@example.com,2026-04-25,LOW,ACTIVE,,0,2022-08-15 00:00:00,
590,OUT00590,Balaji Enterprises,,GT,KIRANA,Delhi,Delhi,3,781171,12.50877,73.60032,16,9,2020-06-05,150000.0,7,36ABCDE3380F1Z4,AMBIENT_CHILLED,0,19119,Naveen Menon,9911575785,naveen.menon@example.com,2026-02-03,MEDIUM,ACTIVE,,0,2020-06-05 00:00:00,
591,OUT00591,Metro Mart,,GT,GENERAL_STORE,Ludhiana,Punjab,3,473013,18.067209,90.295054,139,65,2019-08-25,203000.0,30,18ABCDE9086F1Z5,AMBIENT,1,3561,Karthik Pillai,9639951341,karthik.pillai@example.com,2025-11-30,MEDIUM,ACTIVE,,0,2019-08-25 00:00:00,
592,OUT00592,Anand Trading Co,,GT,GENERAL_STORE,Ludhiana,Punjab,3,359463,24.824606,72.829706,100,91,2019-07-17,405000.0,45,09ABCDE5122F1Z5,AMBIENT_CHILLED,0,14804,Karthik Das,9231313454,karthik.das@example.com,2025-06-04,LOW,DELETED,,1,2019-07-17 00:00:00,
593,OUT00593,Nova Provision,,GT,KIRANA,Surat,Gujarat,1,708857,10.300128,84.72455,93,59,2024-02-25,707000.0,7,29ABCDE9182F1Z1,AMBIENT,1,9960,Ritu Khan,9770780540,ritu.khan@example.com,2026-03-10,MEDIUM,ACTIVE,,0,2024-02-25 00:00:00,
594,OUT00594,Shree Trading Co,,ECOM_DARKSTORE,DARKSTORE,Raipur,Chhattisgarh,5,765646,22.023943,87.721576,92,55,2024-05-02,851000.0,14,09ABCDE4681F1Z1,AMBIENT,1,6266,Divya Nair,9155718931,,2026-03-21,LOW,ACTIVE,,0,2024-05-02 00:00:00,
595,OUT00595,Balaji Trading Co,,MT,HYPERMARKET,Pune,Maharashtra,1,211911,10.140682,86.824307,3,35,2024-02-05,877000.0,14,03ABCDE6602F1Z2,AMBIENT,1,15693,Rahul Ghosh,9435282259,,2025-05-13,LOW,ACTIVE,,0,2024-02-05 00:00:00,
596,OUT00596,Sri Bazaar,,HORECA,HOTEL,Ludhiana,Punjab,3,206602,11.845956,91.658408,134,2,2022-01-06,211000.0,21,15ABCDE1347F1Z1,AMBIENT,1,19179,Farah Reddy,9599740936,farah.reddy@example.com,2026-05-01,LOW,ACTIVE,,0,2022-01-06 00:00:00,
597,OUT00597,Anand Supermarket,,GT,CHEMIST,Jaipur,Rajasthan,3,544282,13.303311,83.194762,57,11,2023-12-31,639000.0,14,34ABCDE7484F1Z3,AMBIENT,0,464,Leela Rao,9311759435,leela.rao@example.com,2025-05-27,LOW,ACTIVE,,0,2023-12-31 00:00:00,
598,OUT00598,Sri Bazaar,,MT,HYPERMARKET,Mumbai,Maharashtra,1,235115,24.878043,85.036807,102,59,2021-12-26,41000.0,30,29ABCDE5321F1Z1,AMBIENT_CHILLED,0,18853,Manoj Ghosh,9679327714,manoj.ghosh@example.com,2026-05-03,LOW,ACTIVE,,0,2021-12-26 00:00:00,
599,OUT00599,Royal Bazaar,,ECOM_DARKSTORE,DARKSTORE,Gurugram,Haryana,3,456122,11.717756,76.64378,130,24,2022-11-02,63000.0,21,21ABCDE9685F1Z2,AMBIENT_CHILLED,0,24662,Suresh Reddy,9812411253,suresh.reddy@example.com,2025-09-21,MEDIUM,ACTIVE,,0,2022-11-02 00:00:00,
600,OUT00600,Anand Provision,,HORECA,HOTEL,Surat,Gujarat,1,364434,29.544817,74.886857,120,91,2018-09-17,620000.0,45,18ABCDE6290F1Z8,AMBIENT,0,8908,Suresh Bose,9131201726,suresh.bose@example.com,2025-10-26,LOW,ACTIVE,,0,2018-09-17 00:00:00,
601,OUT00601,Sri Provision,,HORECA,HOTEL,Surat,Gujarat,1,581393,30.455492,84.27365,70,67,2023-03-05,106000.0,7,15ABCDE9094F1Z8,AMBIENT_CHILLED,1,16103,Naveen Rao,9566009328,naveen.rao@example.com,2025-01-30,MEDIUM,ACTIVE,,0,2023-03-05 00:00:00,
602,OUT00602,Green Trading Co,,ECOM_DARKSTORE,DARKSTORE,Mumbai,Maharashtra,1,755964,13.024856,83.860985,36,89,2019-04-05,885000.0,21,22ABCDE8617F1Z8,AMBIENT,0,10544,Karthik Khan,9773817459,karthik.khan@example.com,2025-06-09,LOW,ACTIVE,,0,2019-04-05 00:00:00,
603,OUT00603,Shree Enterprises,,GT,CHEMIST,Ludhiana,Punjab,3,672018,22.842825,70.430134,42,46,2024-03-05,443000.0,45,36ABCDE9547F1Z0,AMBIENT_CHILLED,0,9046,Rohit Reddy,9395221311,rohit.reddy@example.com,2025-08-03,MEDIUM,ACTIVE,,0,2024-03-05 00:00:00,
604,OUT00604,Balaji Trading Co,,GT,KIRANA,Guwahati,Assam,4,796184,9.440101,74.069122,96,77,2022-01-05,208000.0,30,21ABCDE5557F1Z5,AMBIENT,0,10376,Farah Reddy,9237629964,farah.reddy@example.com,2025-02-05,MEDIUM,ACTIVE,,0,2022-01-05 00:00:00,
605,OUT00605,Royal Trading Co,,MT,HYPERMARKET,Kochi,Kerala,2,558019,31.111111,69.57155,133,55,2021-06-14,855000.0,14,16ABCDE2548F1Z5,AMBIENT_CHILLED,1,14730,Naveen Kulkarni,9844746811,naveen.kulkarni@example.com,2025-08-16,LOW,ACTIVE,,0,2021-06-14 00:00:00,
606,OUT00606,Star Enterprises,,MT,MINI_MARKET,Raipur,Chhattisgarh,5,188270,16.874257,74.72225,9,36,2020-05-09,130000.0,14,18ABCDE4954F1Z4,AMBIENT_CHILLED,1,14981,Naveen Bose,9771173548,naveen.bose@example.com,2025-02-01,LOW,ACTIVE,,0,2020-05-09 00:00:00,
607,OUT00607,Anand Enterprises,,GT,GENERAL_STORE,Raipur,Chhattisgarh,5,677557,31.114888,89.15329,136,73,2018-07-25,100000.0,14,19ABCDE1259F1Z7,AMBIENT,0,21303,Divya Menon,9723575230,divya.menon@example.com,2025-07-04,MEDIUM,ACTIVE,,0,2018-07-25 00:00:00,
608,OUT00608,Green Trading Co,,GT,CHEMIST,Hyderabad,Telangana,2,231909,19.718635,76.52877,20,93,2018-09-10,167000.0,7,21ABCDE5425F1Z7,AMBIENT,0,21712,Vikram Verma,9712469744,,2025-01-29,LOW,ACTIVE,,0,2018-09-10 00:00:00,
609,OUT00609,Metro Bazaar,,GT,KIRANA,Pune,Maharashtra,1,705079,31.424929,76.372271,40,25,2022-02-11,872000.0,7,35ABCDE6393F1Z4,AMBIENT,0,1814,Pooja Kulkarni,9893541447,pooja.kulkarni@example.com,2025-01-22,LOW,ACTIVE,,0,2022-02-11 00:00:00,
610,OUT00610,New Stores,,ECOM_DARKSTORE,DARKSTORE,Raipur,Chhattisgarh,5,188764,22.463999,84.727562,139,91,2023-10-12,526000.0,14,10ABCDE1226F1Z6,AMBIENT,0,3187,Nisha Dutta,9816105177,nisha.dutta@example.com,2026-06-10,MEDIUM,ACTIVE,,0,2023-10-12 00:00:00,
611,OUT00611,New Trading Co,,GT,KIRANA,Ludhiana,Punjab,3,473993,9.713125,83.209168,46,35,2018-06-30,439000.0,45,15ABCDE8250F1Z7,AMBIENT_CHILLED,0,8255,Divya Ghosh,9794509375,,2025-09-08,LOW,ACTIVE,,0,2018-06-30 00:00:00,
612,OUT00612,Shree Bazaar,,GT,KIRANA,Gurugram,Haryana,3,621548,20.395125,82.674209,37,33,2024-07-02,184000.0,14,22ABCDE8031F1Z4,AMBIENT,1,16315,Sneha Verma,9862844345,,2025-07-18,MEDIUM,ACTIVE,,0,2024-07-02 00:00:00,
613,OUT00613,Shree Stores,,ECOM_DARKSTORE,DARKSTORE,Patna,Bihar,4,378012,27.866501,82.07781,13,39,2020-11-02,121000.0,14,37ABCDE4905F1Z8,AMBIENT,0,9140,Anil Nair,9868056700,anil.nair@example.com,2025-08-12,MEDIUM,ACTIVE,,0,2020-11-02 00:00:00,
614,OUT00614,Nova Trading Co,,HORECA,CAFE,Patna,Bihar,4,132618,15.628098,88.363858,95,48,2021-03-14,341000.0,30,11ABCDE5426F1Z2,AMBIENT_CHILLED,1,11971,Manoj Sharma,9482195692,,2026-02-19,LOW,ACTIVE,,0,2021-03-14 00:00:00,
615,OUT00615,Balaji Trading Co,,GT,CHEMIST,Hyderabad,Telangana,2,370265,21.498654,82.551452,65,60,2023-06-03,229000.0,21,02ABCDE5220F1Z6,AMBIENT_CHILLED,0,14862,Vikram Chauhan,9681601852,,2026-01-17,LOW,ACTIVE,,0,2023-06-03 00:00:00,
616,OUT00616,Sri Trading Co,,GT,CHEMIST,Jaipur,Rajasthan,3,779477,22.274297,90.583773,6,90,2019-04-18,144000.0,30,13ABCDE9882F1Z1,AMBIENT_CHILLED,0,4499,Anil Sinha,9998401689,,2026-04-25,LOW,ACTIVE,,0,2019-04-18 00:00:00,
617,OUT00617,New Stores,,HORECA,QSR,Pune,Maharashtra,1,712587,14.420047,84.795247,46,71,2021-10-23,274000.0,30,37ABCDE7359F1Z7,AMBIENT,0,12631,Sanjay Bose,9553403107,sanjay.bose@example.com,2025-10-04,HIGH,ACTIVE,,0,2021-10-23 00:00:00,
618,OUT00618,Star Supermarket,,GT,CHEMIST,Guwahati,Assam,4,171145,14.439268,90.166821,33,13,2021-11-11,553000.0,7,28ABCDE3158F1Z1,AMBIENT_CHILLED,0,6813,Sneha Sharma,9522935023,sneha.sharma@example.com,2025-01-07,LOW,ACTIVE,,0,2021-11-11 00:00:00,
619,OUT00619,Balaji Provision,,GT,GENERAL_STORE,Nagpur,Maharashtra,5,580495,17.192596,69.746041,65,57,2019-07-16,677000.0,0,02ABCDE9474F1Z8,AMBIENT,0,25953,Farah Mehta,9749702317,farah.mehta@example.com,2025-10-23,LOW,ACTIVE,,0,2019-07-16 00:00:00,
620,OUT00620,Royal Enterprises,,GT,GENERAL_STORE,Indore,Madhya Pradesh,5,607549,25.04337,90.499236,79,57,2019-12-25,667000.0,7,21ABCDE3358F1Z1,AMBIENT,0,13974,Ananya Patel,9233032331,ananya.patel@example.com,2025-09-13,LOW,ACTIVE,,0,2019-12-25 00:00:00,
621,OUT00621,Royal Trading Co,,GT,GENERAL_STORE,Raipur,Chhattisgarh,5,290112,26.33065,78.363821,104,75,2018-07-08,819000.0,14,11ABCDE4010F1Z1,AMBIENT,0,15891,Ritu Dutta,9805829227,ritu.dutta@example.com,2025-04-27,MEDIUM,ACTIVE,,0,2018-07-08 00:00:00,
622,OUT00622,Nova Provision,,HORECA,QSR,Mumbai,Maharashtra,1,573843,23.24665,73.400987,114,38,2021-07-23,495000.0,0,17ABCDE8582F1Z1,AMBIENT_CHILLED,0,741,Sneha Pillai,9178347340,sneha.pillai@example.com,2025-06-10,MEDIUM,ACTIVE,,0,2021-07-23 00:00:00,
623,OUT00623,Green Supermarket,,HORECA,CLOUD_KITCHEN,Mumbai,Maharashtra,1,497434,12.98316,84.106592,27,21,2024-08-20,650000.0,14,30ABCDE2189F1Z8,AMBIENT,0,10214,Rahul Chauhan,9568210362,rahul.chauhan@example.com,2025-05-05,LOW,ACTIVE,,0,2024-08-20 00:00:00,
624,OUT00624,New Enterprises,,ECOM_DARKSTORE,DARKSTORE,Patna,Bihar,4,232716,18.507493,76.576088,118,51,2020-01-13,777000.0,0,17ABCDE6244F1Z8,AMBIENT,0,4053,Suresh Bose,9979521619,suresh.bose@example.com,2025-03-22,HIGH,DELETED,,1,2020-01-13 00:00:00,
625,OUT00625,Green Mart,,GT,KIRANA,Ludhiana,Punjab,3,116750,29.960603,78.586328,71,94,2019-06-25,79000.0,0,04ABCDE3694F1Z0,AMBIENT,1,8897,Pooja Reddy,9608879298,,2025-05-21,LOW,CLOSED,2026-02-25,0,2019-06-25 00:00:00,
626,OUT00626,Royal Bazaar,,MT,SUPERMARKET,Chennai,Tamil Nadu,2,390419,21.373737,70.009177,27,94,2019-06-30,508000.0,30,24ABCDE6792F1Z0,AMBIENT,1,24813,Priya Sharma,9695815216,priya.sharma@example.com,2026-03-10,LOW,ACTIVE,,0,2019-06-30 00:00:00,
627,OUT00627,Metro Stores,,HORECA,HOTEL,Gurugram,Haryana,3,344275,24.250305,82.20554,132,66,2018-09-03,492000.0,21,18ABCDE7235F1Z8,AMBIENT,0,1815,Sanjay Bose,9356261988,,2025-03-21,HIGH,ACTIVE,,0,2018-09-03 00:00:00,
628,OUT00628,Green Supermarket,,HORECA,CAFE,Patna,Bihar,4,679021,9.806496,80.60534,126,62,2024-09-23,473000.0,0,08ABCDE6174F1Z8,AMBIENT_CHILLED,0,19008,Rohit Mehta,9528878515,rohit.mehta@example.com,2025-07-04,LOW,ACTIVE,,0,2024-09-23 00:00:00,
629,OUT00629,Balaji Stores,,GT,KIRANA,Pune,Maharashtra,1,439074,29.151716,70.877162,125,89,2019-10-10,847000.0,14,35ABCDE7739F1Z7,AMBIENT,1,18942,Rahul Patel,9709593454,rahul.patel@example.com,2025-01-04,LOW,ACTIVE,,0,2019-10-10 00:00:00,
630,OUT00630,Star Mart,,MT,MINI_MARKET,Nagpur,Maharashtra,5,360200,10.003394,89.392971,84,28,2023-06-28,748000.0,30,26ABCDE3751F1Z3,AMBIENT_CHILLED,0,11224,Priya Nair,9139064478,priya.nair@example.com,2025-09-19,LOW,ACTIVE,,0,2023-06-28 00:00:00,
631,OUT00631,Royal Supermarket,,GT,CHEMIST,Ludhiana,Punjab,3,157475,12.204156,76.974089,36,82,2018-12-20,87000.0,30,35ABCDE9184F1Z8,AMBIENT,0,14488,Priya Sinha,9474082369,priya.sinha@example.com,2025-08-27,LOW,ACTIVE,,0,2018-12-20 00:00:00,
632,OUT00632,Anand Trading Co,,HORECA,CLOUD_KITCHEN,Jaipur,Rajasthan,3,376382,12.168557,73.972434,20,4,2019-01-27,760000.0,0,37ABCDE6470F1Z8,AMBIENT_CHILLED,0,7962,Karthik Rao,9766874559,karthik.rao@example.com,2025-09-03,LOW,ACTIVE,,0,2019-01-27 00:00:00,
633,OUT00633,Royal Bazaar,,MT,SUPERMARKET,Nagpur,Maharashtra,5,726891,24.334669,72.556525,62,43,2024-02-22,35000.0,14,35ABCDE1831F1Z7,AMBIENT,0,21891,Nisha Chauhan,9149608745,nisha.chauhan@example.com,2025-09-06,LOW,ACTIVE,,0,2024-02-22 00:00:00,
634,OUT00634,Shree Trading Co,,MT,HYPERMARKET,Surat,Gujarat,1,153544,26.132469,69.014586,91,89,2021-10-22,494000.0,21,05ABCDE7763F1Z7,AMBIENT,0,4604,Ritu Nair,9574597426,ritu.nair@example.com,2025-09-06,LOW,ACTIVE,,0,2021-10-22 00:00:00,
635,OUT00635,New Stores,,GT,CHEMIST,Bengaluru,Karnataka,2,467672,20.325665,84.866048,6,29,2021-02-19,618000.0,0,20ABCDE4269F1Z0,AMBIENT_CHILLED,0,14880,Sanjay Sharma,9732672497,sanjay.sharma@example.com,2026-01-04,LOW,CLOSED,2026-02-10,0,2021-02-19 00:00:00,
636,OUT00636,Metro Trading Co,,GT,KIRANA,Patna,Bihar,4,290347,13.972787,91.185933,61,11,2020-02-02,560000.0,0,22ABCDE4477F1Z3,AMBIENT,1,23630,Ritu Mehta,9264386066,ritu.mehta@example.com,2025-01-21,LOW,ACTIVE,,0,2020-02-02 00:00:00,
637,OUT00637,Green Supermarket,,ECOM_DARKSTORE,DARKSTORE,Raipur,Chhattisgarh,5,207512,10.619621,77.934891,137,52,2024-08-19,838000.0,30,03ABCDE4025F1Z7,AMBIENT,0,23279,Meera Chauhan,9625708049,,2026-01-02,LOW,ACTIVE,,0,2024-08-19 00:00:00,
638,OUT00638,Royal Bazaar,,GT,KIRANA,Indore,Madhya Pradesh,5,626214,31.042033,77.113867,95,27,2022-01-30,604000.0,7,20ABCDE1294F1Z2,AMBIENT,1,8934,Arjun Joshi,9646094762,arjun.joshi@example.com,2026-01-18,MEDIUM,ACTIVE,,0,2022-01-30 00:00:00,
639,OUT00639,Metro Bazaar,,GT,GENERAL_STORE,Mumbai,Maharashtra,1,215756,20.332467,73.395494,40,6,2023-11-25,894000.0,30,07ABCDE2236F1Z3,AMBIENT,0,25472,Anil Mehta,9688212108,anil.mehta@example.com,2026-02-14,LOW,ACTIVE,,0,2023-11-25 00:00:00,
640,OUT00640,Shree Supermarket,,MT,HYPERMARKET,Pune,Maharashtra,1,266151,24.286039,80.374201,15,53,2021-05-28,258000.0,7,17ABCDE9043F1Z2,AMBIENT_CHILLED,0,3276,Meera Mehta,9953090211,,2026-01-27,LOW,ACTIVE,,0,2021-05-28 00:00:00,
641,OUT00641,Shree Enterprises,,HORECA,CAFE,Surat,Gujarat,1,273129,10.644442,83.611547,131,50,2021-02-08,640000.0,14,04ABCDE2120F1Z2,AMBIENT,1,19092,Meera Bose,9913366399,meera.bose@example.com,2025-02-21,LOW,ACTIVE,,0,2021-02-08 00:00:00,
642,OUT00642,Metro Provision,,GT,CHEMIST,Indore,Madhya Pradesh,5,764932,16.133647,71.523466,20,26,2020-11-08,651000.0,0,27ABCDE7239F1Z8,AMBIENT,1,6100,Manoj Dutta,9340575202,,2025-10-14,MEDIUM,ACTIVE,,0,2020-11-08 00:00:00,
643,OUT00643,Royal Mart,,GT,CHEMIST,Nagpur,Maharashtra,5,447118,9.269125,82.161008,113,52,2021-12-14,24000.0,14,09ABCDE9336F1Z4,AMBIENT,0,17137,Meera Khan,9909239876,meera.khan@example.com,2026-05-16,LOW,ACTIVE,,0,2021-12-14 00:00:00,
644,OUT00644,Sri Supermarket,,MT,MINI_MARKET,Gurugram,Haryana,3,329345,15.751335,73.81631,32,42,2023-05-06,519000.0,14,11ABCDE6743F1Z6,AMBIENT,0,15144,Ananya Das,9337859841,ananya.das@example.com,2026-05-13,LOW,ACTIVE,,0,2023-05-06 00:00:00,
645,OUT00645,New Supermarket,,MT,HYPERMARKET,Kolkata,West Bengal,4,497557,25.013893,73.096092,29,68,2021-09-20,503000.0,21,19ABCDE8432F1Z0,AMBIENT_CHILLED,1,8443,Arjun Verma,9844509113,arjun.verma@example.com,2026-05-28,LOW,ACTIVE,,0,2021-09-20 00:00:00,
646,OUT00646,Balaji Bazaar,,HORECA,CLOUD_KITCHEN,Gurugram,Haryana,3,702560,24.892234,80.80893,8,17,2024-09-19,249000.0,7,25ABCDE4867F1Z2,AMBIENT_CHILLED,0,7258,Arjun Reddy,9954662441,,2026-03-10,HIGH,ACTIVE,,0,2024-09-19 00:00:00,
647,OUT00647,Sri Mart,,GT,GENERAL_STORE,Jaipur,Rajasthan,3,362117,17.884108,75.116416,102,59,2024-06-10,74000.0,45,36ABCDE8488F1Z6,AMBIENT_CHILLED,0,14935,Pooja Mehta,9142228751,pooja.mehta@example.com,2025-09-10,LOW,ACTIVE,,0,2024-06-10 00:00:00,
648,OUT00648,Royal Enterprises,,HORECA,CLOUD_KITCHEN,Delhi,Delhi,3,692961,16.443806,90.753616,61,67,2019-12-10,321000.0,30,26ABCDE2376F1Z6,AMBIENT,0,3339,Leela Joshi,9133310259,,2026-03-14,MEDIUM,ACTIVE,,0,2019-12-10 00:00:00,
649,OUT00649,Balaji Supermarket,,HORECA,CAFE,Kolkata,West Bengal,4,373297,12.242602,74.796149,90,60,2018-09-17,885000.0,21,17ABCDE8313F1Z4,AMBIENT,0,2025,Leela Nair,9819411754,leela.nair@example.com,2026-05-11,LOW,ACTIVE,,0,2018-09-17 00:00:00,
650,OUT00650,Balaji Enterprises,,GT,GENERAL_STORE,Chennai,Tamil Nadu,2,273312,24.413198,89.451587,132,4,2023-06-26,890000.0,30,36ABCDE7880F1Z1,AMBIENT_CHILLED,0,11815,Manoj Nair,9104422514,,2025-01-21,MEDIUM,ACTIVE,,0,2023-06-26 00:00:00,
651,OUT00651,Metro Trading Co,,GT,KIRANA,Bengaluru,Karnataka,2,126291,16.403883,74.900681,117,65,2018-10-07,544000.0,30,19ABCDE8329F1Z6,AMBIENT,0,18192,Meera Rao,9252187163,meera.rao@example.com,2025-07-01,LOW,ACTIVE,,0,2018-10-07 00:00:00,
652,OUT00652,Green Stores,,MT,HYPERMARKET,Kochi,Kerala,2,646946,29.930722,69.450023,121,77,2024-02-12,820000.0,30,36ABCDE3994F1Z0,AMBIENT_CHILLED,0,8088,Divya Kulkarni,9470343252,divya.kulkarni@example.com,2025-11-23,MEDIUM,ACTIVE,,0,2024-02-12 00:00:00,
653,OUT00653,Green Provision,,HORECA,HOTEL,Kolkata,West Bengal,4,268958,28.066271,84.876425,53,40,2021-07-14,510000.0,21,29ABCDE7235F1Z0,AMBIENT,0,14829,Sneha Verma,9626252010,sneha.verma@example.com,2025-10-24,HIGH,ACTIVE,,0,2021-07-14 00:00:00,
654,OUT00654,Sri Bazaar,,ECOM_DARKSTORE,DARKSTORE,Bengaluru,Karnataka,2,273815,20.55143,73.463677,106,94,2020-07-24,654000.0,14,04ABCDE3552F1Z2,AMBIENT,0,4962,Deepak Khan,9403135283,deepak.khan@example.com,2026-04-30,LOW,CLOSED,2025-12-03,0,2020-07-24 00:00:00,
655,OUT00655,New Bazaar,,ECOM_DARKSTORE,DARKSTORE,Bengaluru,Karnataka,2,152336,11.882038,77.461108,42,4,2024-04-18,517000.0,45,24ABCDE5427F1Z8,AMBIENT,0,10681,Divya Patel,9422268399,,2025-07-15,LOW,ACTIVE,,0,2024-04-18 00:00:00,
656,OUT00656,Anand Provision,,GT,CHEMIST,Patna,Bihar,4,239993,11.616722,71.674706,63,13,2022-04-02,562000.0,30,25ABCDE3144F1Z6,AMBIENT_CHILLED,1,23268,Rahul Reddy,9139407236,rahul.reddy@example.com,2025-01-29,LOW,DELETED,,1,2022-04-02 00:00:00,
657,OUT00657,Nova Bazaar,,GT,KIRANA,Guwahati,Assam,4,207984,9.557018,77.522569,123,85,2019-04-25,639000.0,7,24ABCDE2848F1Z5,AMBIENT_CHILLED,0,17660,Sanjay Nair,9481215376,sanjay.nair@example.com,2026-04-21,HIGH,ACTIVE,,0,2019-04-25 00:00:00,
658,OUT00658,Nova Stores,,ECOM_DARKSTORE,DARKSTORE,Kolkata,West Bengal,4,190240,18.795933,77.888006,119,56,2021-07-13,201000.0,45,01ABCDE6687F1Z8,AMBIENT_CHILLED,0,20872,Leela Patel,9701550376,leela.patel@example.com,2025-08-03,LOW,ACTIVE,,0,2021-07-13 00:00:00,
659,OUT00659,Green Mart,,GT,CHEMIST,Ludhiana,Punjab,3,637945,13.652534,71.220749,117,72,2021-05-20,50000.0,0,04ABCDE4245F1Z1,AMBIENT,0,9289,Sanjay Joshi,9819956050,sanjay.joshi@example.com,2025-03-24,LOW,ACTIVE,,0,2021-05-20 00:00:00,
660,OUT00660,Shree Provision,,MT,HYPERMARKET,Indore,Madhya Pradesh,5,582054,24.098803,84.035246,37,77,2019-10-30,536000.0,14,15ABCDE6321F1Z0,AMBIENT_CHILLED,0,16601,Leela Kulkarni,9257916085,,2025-09-11,HIGH,ACTIVE,,0,2019-10-30 00:00:00,
661,OUT00661,Star Provision,,GT,GENERAL_STORE,Gurugram,Haryana,3,731165,14.028227,91.6116,98,30,2024-03-08,439000.0,14,19ABCDE9540F1Z5,AMBIENT,0,12272,Divya Sinha,9110159418,divya.sinha@example.com,2026-03-24,HIGH,ACTIVE,,0,2024-03-08 00:00:00,
662,OUT00662,Green Bazaar,,HORECA,HOTEL,Chennai,Tamil Nadu,2,762413,24.798149,77.263597,19,21,2024-04-17,486000.0,14,23ABCDE6684F1Z2,AMBIENT_CHILLED,0,18967,Karthik Patel,9630375649,karthik.patel@example.com,2025-07-03,LOW,ACTIVE,,0,2024-04-17 00:00:00,
663,OUT00663,Nova Mart,,MT,HYPERMARKET,Chennai,Tamil Nadu,2,690977,28.97928,76.3453,53,55,2021-02-27,271000.0,14,06ABCDE7697F1Z1,AMBIENT_CHILLED,1,12353,Pooja Chauhan,9531348398,pooja.chauhan@example.com,2025-09-06,LOW,ACTIVE,,0,2021-02-27 00:00:00,
664,OUT00664,Royal Provision,,GT,GENERAL_STORE,Chennai,Tamil Nadu,2,394536,13.48755,85.302786,139,70,2020-05-23,390000.0,0,07ABCDE6773F1Z7,AMBIENT_CHILLED,0,2260,Sneha Pillai,9409505537,sneha.pillai@example.com,2025-10-06,MEDIUM,ACTIVE,,0,2020-05-23 00:00:00,
665,OUT00665,Metro Stores,,GT,KIRANA,Mumbai,Maharashtra,1,454862,17.866588,73.295576,18,28,2023-06-20,589000.0,14,25ABCDE4032F1Z3,AMBIENT,0,8341,Nisha Das,9247277456,nisha.das@example.com,2026-01-27,LOW,CLOSED,2025-09-18,0,2023-06-20 00:00:00,
666,OUT00666,Shree Trading Co,,MT,SUPERMARKET,Guwahati,Assam,4,125411,14.114045,81.137439,63,76,2024-09-28,544000.0,14,07ABCDE7428F1Z6,AMBIENT,1,17096,Sneha Ghosh,9941457007,sneha.ghosh@example.com,2026-01-21,LOW,ACTIVE,,0,2024-09-28 00:00:00,
667,OUT00667,Royal Enterprises,,GT,GENERAL_STORE,Chennai,Tamil Nadu,2,594217,9.905198,69.045027,114,33,2019-02-23,110000.0,21,26ABCDE8011F1Z6,AMBIENT,0,19314,Karthik Patel,9576908074,karthik.patel@example.com,2025-01-31,LOW,ACTIVE,,0,2019-02-23 00:00:00,
668,OUT00668,Anand Provision,,GT,GENERAL_STORE,Chennai,Tamil Nadu,2,511940,23.720349,83.688813,138,25,2020-05-07,350000.0,7,24ABCDE6323F1Z8,AMBIENT,0,10731,Kavya Sinha,9918976725,kavya.sinha@example.com,2025-05-09,LOW,ACTIVE,,0,2020-05-07 00:00:00,
669,OUT00669,Royal Stores,,MT,SUPERMARKET,Hyderabad,Telangana,2,705273,20.484008,84.605355,56,77,2020-11-07,381000.0,14,13ABCDE5877F1Z4,AMBIENT,1,16682,Meera Menon,9760234924,,2025-06-12,LOW,ACTIVE,,0,2020-11-07 00:00:00,
670,OUT00670,Green Trading Co,,GT,KIRANA,Ludhiana,Punjab,3,248319,12.350794,69.715044,71,2,2020-02-15,228000.0,0,28ABCDE1013F1Z2,AMBIENT_CHILLED,0,12837,Farah Menon,9226439308,farah.menon@example.com,2026-06-28,LOW,ACTIVE,,0,2020-02-15 00:00:00,
671,OUT00671,Star Provision,,ECOM_DARKSTORE,DARKSTORE,Gurugram,Haryana,3,267045,14.388645,84.34063,126,25,2022-07-30,891000.0,14,17ABCDE5297F1Z8,AMBIENT,1,5419,Leela Verma,9351608986,leela.verma@example.com,2025-11-13,LOW,ACTIVE,,0,2022-07-30 00:00:00,
672,OUT00672,Green Mart,,GT,GENERAL_STORE,Guwahati,Assam,4,567025,30.702931,90.242995,140,22,2024-10-09,334000.0,45,08ABCDE4190F1Z4,AMBIENT,1,7395,Rahul Bose,9445532297,,2026-01-18,HIGH,ACTIVE,,0,2024-10-09 00:00:00,
673,OUT00673,New Stores,,GT,GENERAL_STORE,Kochi,Kerala,2,139387,17.55704,84.614052,41,39,2023-07-15,622000.0,0,15ABCDE9882F1Z4,AMBIENT,1,9052,Sanjay Reddy,9898356920,sanjay.reddy@example.com,2026-06-25,LOW,ACTIVE,,0,2023-07-15 00:00:00,
674,OUT00674,Anand Provision,,GT,GENERAL_STORE,Bengaluru,Karnataka,2,770637,17.487154,73.498974,71,54,2023-08-22,806000.0,7,31ABCDE9463F1Z1,AMBIENT,0,18583,Meera Rao,9117505695,meera.rao@example.com,2026-04-02,LOW,ACTIVE,,0,2023-08-22 00:00:00,
675,OUT00675,Sri Enterprises,,MT,SUPERMARKET,Nagpur,Maharashtra,5,510901,15.337119,91.209176,59,56,2022-02-08,72000.0,7,13ABCDE7915F1Z6,AMBIENT,1,5163,Divya Sharma,9575106155,divya.sharma@example.com,2026-04-12,LOW,ACTIVE,,0,2022-02-08 00:00:00,
676,OUT00676,Royal Trading Co,,GT,GENERAL_STORE,Indore,Madhya Pradesh,5,149451,24.882224,86.808547,2,69,2019-04-14,851000.0,21,28ABCDE9910F1Z2,AMBIENT,0,8614,Ananya Mehta,9844035728,,2025-02-16,LOW,ACTIVE,,0,2019-04-14 00:00:00,
677,OUT00677,Shree Stores,,GT,GENERAL_STORE,Bengaluru,Karnataka,2,764959,13.723021,86.445787,6,20,2023-07-19,35000.0,0,12ABCDE9617F1Z7,AMBIENT_CHILLED,0,3371,Divya Ghosh,9881752995,divya.ghosh@example.com,2026-02-23,LOW,ACTIVE,,0,2023-07-19 00:00:00,
678,OUT00678,Shree Supermarket,,GT,GENERAL_STORE,Raipur,Chhattisgarh,5,387331,19.887913,72.98681,51,66,2018-08-06,721000.0,0,27ABCDE4615F1Z8,AMBIENT,0,14750,Sanjay Dutta,9783193586,,2025-01-31,LOW,ACTIVE,,0,2018-08-06 00:00:00,
679,OUT00679,Balaji Trading Co,,GT,CHEMIST,Mumbai,Maharashtra,1,639705,13.471161,88.221938,3,65,2022-06-08,288000.0,14,15ABCDE3101F1Z7,AMBIENT,0,8932,Meera Joshi,9339222423,,2026-04-10,LOW,ACTIVE,,0,2022-06-08 00:00:00,
680,OUT00680,Sri Trading Co,,GT,CHEMIST,Kochi,Kerala,2,508562,11.47344,91.327506,30,73,2020-03-21,270000.0,21,15ABCDE2497F1Z3,AMBIENT,0,6483,Imran Bose,9633335683,imran.bose@example.com,2026-02-04,MEDIUM,ACTIVE,,0,2020-03-21 00:00:00,
681,OUT00681,Star Trading Co,,HORECA,CAFE,Hyderabad,Telangana,2,598696,28.13726,91.926348,101,14,2021-12-03,865000.0,21,25ABCDE6439F1Z6,AMBIENT,0,16568,Karthik Rao,9501432016,karthik.rao@example.com,2025-08-14,LOW,DELETED,,1,2021-12-03 00:00:00,
682,OUT00682,Balaji Provision,,GT,GENERAL_STORE,Raipur,Chhattisgarh,5,705769,17.50538,86.282051,97,94,2022-11-28,481000.0,7,14ABCDE5707F1Z0,AMBIENT,0,2506,Anil Mehta,9252689386,,2025-02-07,LOW,ACTIVE,,0,2022-11-28 00:00:00,
683,OUT00683,Balaji Enterprises,,ECOM_DARKSTORE,DARKSTORE,Mumbai,Maharashtra,1,464999,15.083501,76.846554,68,81,2019-09-28,204000.0,0,08ABCDE3683F1Z2,AMBIENT,0,16806,Pooja Pillai,9488358983,pooja.pillai@example.com,2025-12-12,MEDIUM,ACTIVE,,0,2019-09-28 00:00:00,
684,OUT00684,Sri Enterprises,,HORECA,HOTEL,Nagpur,Maharashtra,5,269881,9.437287,87.488271,98,71,2022-06-08,501000.0,21,10ABCDE5429F1Z5,AMBIENT,0,12282,Tara Mehta,9538525309,tara.mehta@example.com,2025-02-17,LOW,ACTIVE,,0,2022-06-08 00:00:00,
685,OUT00685,Royal Trading Co,,GT,KIRANA,Hyderabad,Telangana,2,615138,19.626959,79.841483,95,17,2023-01-31,758000.0,0,23ABCDE6696F1Z4,AMBIENT_CHILLED,1,8307,Nisha Verma,9266488555,nisha.verma@example.com,2026-05-27,LOW,ACTIVE,,0,2023-01-31 00:00:00,
686,OUT00686,Royal Supermarket,,GT,GENERAL_STORE,Mumbai,Maharashtra,1,488449,16.688633,81.781557,51,88,2020-10-04,745000.0,14,06ABCDE4855F1Z3,AMBIENT,1,11362,Tara Verma,9666016557,tara.verma@example.com,2025-09-19,LOW,ACTIVE,,0,2020-10-04 00:00:00,
687,OUT00687,New Stores,,GT,CHEMIST,Jaipur,Rajasthan,3,282159,22.944386,72.042723,46,81,2019-05-08,498000.0,7,03ABCDE1231F1Z7,AMBIENT,0,6450,Karthik Pillai,9345073506,karthik.pillai@example.com,2025-04-02,MEDIUM,ACTIVE,,0,2019-05-08 00:00:00,
688,OUT00688,New Bazaar,,GT,KIRANA,Jaipur,Rajasthan,3,255640,20.659143,70.874337,7,12,2024-11-22,842000.0,21,14ABCDE9961F1Z1,AMBIENT,0,17812,Leela Pillai,9735650197,leela.pillai@example.com,2026-05-31,LOW,ACTIVE,,0,2024-11-22 00:00:00,
689,OUT00689,Sri Provision,,HORECA,CLOUD_KITCHEN,Guwahati,Assam,4,557934,18.490277,76.712341,75,89,2024-08-09,90000.0,7,26ABCDE4095F1Z2,AMBIENT_CHILLED,1,6088,Priya Verma,9326880309,priya.verma@example.com,2025-10-15,LOW,ACTIVE,,0,2024-08-09 00:00:00,
690,OUT00690,Metro Bazaar,,GT,CHEMIST,Mumbai,Maharashtra,1,277103,13.137375,77.215387,9,4,2019-01-07,684000.0,21,01ABCDE7945F1Z5,AMBIENT,0,13764,Leela Pillai,9298310606,leela.pillai@example.com,2025-12-22,HIGH,ACTIVE,,0,2019-01-07 00:00:00,
691,OUT00691,Balaji Enterprises,,GT,GENERAL_STORE,Nagpur,Maharashtra,5,699471,21.812086,75.450324,32,84,2020-02-23,761000.0,30,34ABCDE4167F1Z7,AMBIENT,0,18652,Priya Reddy,9766725613,,2025-10-18,MEDIUM,ACTIVE,,0,2020-02-23 00:00:00,
692,OUT00692,Star Trading Co,,HORECA,HOTEL,Pune,Maharashtra,1,116959,32.299562,68.803926,19,44,2019-05-08,629000.0,21,13ABCDE5331F1Z6,AMBIENT_CHILLED,1,8506,Divya Dutta,9252698952,,2025-06-11,LOW,ACTIVE,,0,2019-05-08 00:00:00,
693,OUT00693,Metro Trading Co,,GT,GENERAL_STORE,Ludhiana,Punjab,3,676203,28.212812,75.316541,67,9,2021-10-31,877000.0,14,11ABCDE2683F1Z6,AMBIENT_CHILLED,0,7645,Kavya Patel,9582175970,kavya.patel@example.com,2025-01-03,LOW,ACTIVE,,0,2021-10-31 00:00:00,
694,OUT00694,Nova Supermarket,,MT,SUPERMARKET,Guwahati,Assam,4,230011,14.15469,89.488765,37,85,2024-11-22,833000.0,7,17ABCDE6865F1Z2,AMBIENT,1,18020,Arjun Verma,9541046860,arjun.verma@example.com,2025-08-06,LOW,ACTIVE,,0,2024-11-22 00:00:00,
695,OUT00695,Royal Mart,,GT,KIRANA,Guwahati,Assam,4,707116,32.101836,80.7019,34,9,2021-05-21,213000.0,7,25ABCDE6918F1Z7,AMBIENT_CHILLED,0,20944,Priya Reddy,9783115431,priya.reddy@example.com,2025-05-18,LOW,DELETED,,1,2021-05-21 00:00:00,
696,OUT00696,Balaji Enterprises,,ECOM_DARKSTORE,DARKSTORE,Nagpur,Maharashtra,5,792946,9.487595,72.599299,74,20,2021-04-13,554000.0,45,37ABCDE5844F1Z7,AMBIENT_CHILLED,1,17552,Tara Chauhan,9911472741,tara.chauhan@example.com,2026-05-10,LOW,CLOSED,2026-06-28,0,2021-04-13 00:00:00,
697,OUT00697,Metro Mart,,MT,HYPERMARKET,Gurugram,Haryana,3,176601,18.033553,80.988891,129,86,2019-06-13,758000.0,14,05ABCDE7405F1Z1,AMBIENT,0,7041,Divya Chauhan,9965234899,divya.chauhan@example.com,2025-04-21,LOW,ACTIVE,,0,2019-06-13 00:00:00,
698,OUT00698,Anand Supermarket,,HORECA,HOTEL,Chennai,Tamil Nadu,2,257863,17.153271,91.118896,110,77,2023-07-31,251000.0,0,11ABCDE3107F1Z5,AMBIENT,1,6876,Karthik Bose,9387847532,,2025-09-08,LOW,ACTIVE,,0,2023-07-31 00:00:00,
699,OUT00699,Metro Provision,,GT,KIRANA,Guwahati,Assam,4,789668,12.729012,83.006867,5,68,2024-01-18,720000.0,14,36ABCDE3892F1Z1,AMBIENT,1,25823,Manoj Patel,9228931639,manoj.patel@example.com,2025-06-23,MEDIUM,ACTIVE,,0,2024-01-18 00:00:00,
700,OUT00700,New Bazaar,,MT,HYPERMARKET,Bengaluru,Karnataka,2,297321,18.573211,80.975574,105,15,2018-11-13,496000.0,30,32ABCDE1355F1Z2,AMBIENT,0,13991,Pooja Rao,9906793429,pooja.rao@example.com,2025-03-26,HIGH,ACTIVE,,0,2018-11-13 00:00:00,
701,OUT00701,Royal Trading Co,,MT,SUPERMARKET,Raipur,Chhattisgarh,5,659158,21.593222,69.519643,48,18,2021-05-16,753000.0,45,36ABCDE7829F1Z6,AMBIENT,0,21177,Divya Chauhan,9236693600,divya.chauhan@example.com,2026-02-16,LOW,ACTIVE,,0,2021-05-16 00:00:00,
702,OUT00702,Anand Supermarket,,MT,MINI_MARKET,New Delhi,Delhi,3,379877,17.498495,82.354685,8,87,2020-01-18,572000.0,21,16ABCDE3708F1Z6,AMBIENT_CHILLED,0,10688,Meera Dutta,9739485779,,2025-03-26,HIGH,ACTIVE,,0,2020-01-18 00:00:00,
703,OUT00703,Green Trading Co,,ECOM_DARKSTORE,DARKSTORE,Delhi,Delhi,3,663676,28.736312,78.312083,7,62,2023-06-13,263000.0,14,14ABCDE5831F1Z2,AMBIENT,0,10273,Meera Dutta,9908586109,meera.dutta@example.com,2026-02-14,MEDIUM,ACTIVE,,0,2023-06-13 00:00:00,
704,OUT00704,Green Enterprises,,GT,KIRANA,Kochi,Kerala,2,707612,14.151561,71.062307,132,46,2022-07-19,616000.0,30,22ABCDE7138F1Z3,AMBIENT_CHILLED,1,17088,Priya Patel,9365713411,priya.patel@example.com,2026-01-02,HIGH,ACTIVE,,0,2022-07-19 00:00:00,
705,OUT00705,Balaji Supermarket,,GT,CHEMIST,Raipur,Chhattisgarh,5,436289,15.580444,69.658014,3,76,2022-09-17,722000.0,7,29ABCDE1021F1Z3,AMBIENT,0,6068,Karthik Bose,9876265825,,2025-08-01,LOW,ACTIVE,,0,2022-09-17 00:00:00,
706,OUT00706,Metro Provision,,HORECA,CAFE,Pune,Maharashtra,1,313770,29.448058,74.595791,67,19,2021-06-09,785000.0,0,19ABCDE4213F1Z3,AMBIENT_CHILLED,0,624,Karthik Menon,9909545930,karthik.menon@example.com,2025-05-23,LOW,ACTIVE,,0,2021-06-09 00:00:00,
707,OUT00707,Sri Bazaar,,MT,SUPERMARKET,Indore,Madhya Pradesh,5,535365,21.152393,70.92582,69,84,2022-03-09,823000.0,14,27ABCDE6389F1Z8,AMBIENT_CHILLED,1,1504,Priya Kulkarni,9361379296,priya.kulkarni@example.com,2026-03-10,HIGH,ACTIVE,,0,2022-03-09 00:00:00,
708,OUT00708,Metro Trading Co,,GT,GENERAL_STORE,Jaipur,Rajasthan,3,762124,8.53172,74.802641,132,45,2020-09-27,784000.0,30,18ABCDE3985F1Z3,AMBIENT,0,13289,Ananya Sinha,9320432330,ananya.sinha@example.com,2025-06-16,HIGH,ACTIVE,,0,2020-09-27 00:00:00,
709,OUT00709,Balaji Trading Co,,GT,KIRANA,Nagpur,Maharashtra,5,280551,13.127725,92.352,27,17,2022-05-15,548000.0,14,23ABCDE8735F1Z8,AMBIENT,0,25359,Priya Pillai,9834401678,priya.pillai@example.com,2025-06-19,LOW,ACTIVE,,0,2022-05-15 00:00:00,
710,OUT00710,Royal Supermarket,,ECOM_DARKSTORE,DARKSTORE,New Delhi,Delhi,3,516422,10.584875,79.243132,42,35,2020-03-20,547000.0,7,26ABCDE6325F1Z6,AMBIENT,0,11664,Meera Reddy,9327494052,,2025-07-14,HIGH,ACTIVE,,0,2020-03-20 00:00:00,
711,OUT00711,Anand Stores,,GT,KIRANA,Kolkata,West Bengal,4,190403,27.662684,78.452708,76,60,2022-08-27,113000.0,7,21ABCDE1348F1Z2,AMBIENT_CHILLED,0,6923,Suresh Dutta,9509121471,suresh.dutta@example.com,2026-01-07,LOW,ACTIVE,,0,2022-08-27 00:00:00,
712,OUT00712,Royal Mart,,MT,HYPERMARKET,Patna,Bihar,4,168727,16.148043,81.911336,9,19,2021-10-06,874000.0,45,14ABCDE2151F1Z7,AMBIENT_CHILLED,1,10337,Naveen Sinha,9635779607,,2026-06-15,LOW,ACTIVE,,0,2021-10-06 00:00:00,
713,OUT00713,Anand Stores,,GT,GENERAL_STORE,Chennai,Tamil Nadu,2,388894,9.840402,73.436659,88,64,2021-10-09,684000.0,45,03ABCDE6807F1Z0,AMBIENT,0,21774,Suresh Mehta,9727672517,suresh.mehta@example.com,2025-11-01,HIGH,ACTIVE,,0,2021-10-09 00:00:00,
714,OUT00714,Royal Mart,,GT,KIRANA,Mumbai,Maharashtra,1,720355,32.251896,86.07792,62,66,2022-02-19,402000.0,14,05ABCDE5453F1Z7,AMBIENT,0,21405,Vikram Bose,9884778414,,2026-03-09,HIGH,ACTIVE,,0,2022-02-19 00:00:00,
715,OUT00715,New Enterprises,,MT,HYPERMARKET,Patna,Bihar,4,749389,14.901785,69.303826,21,52,2022-01-07,842000.0,30,06ABCDE4902F1Z3,AMBIENT,0,7077,Divya Menon,9819724052,,2025-01-22,HIGH,ACTIVE,,0,2022-01-07 00:00:00,
716,OUT00716,Sri Trading Co,,HORECA,CAFE,Chennai,Tamil Nadu,2,388117,20.237818,83.615512,118,75,2021-09-28,484000.0,30,10ABCDE1131F1Z5,AMBIENT,1,19643,Rahul Patel,9803595598,rahul.patel@example.com,2025-04-21,LOW,ACTIVE,,0,2021-09-28 00:00:00,
717,OUT00717,Nova Trading Co,,MT,MINI_MARKET,Kochi,Kerala,2,773172,13.207663,75.067598,16,7,2024-07-18,183000.0,0,30ABCDE4675F1Z0,AMBIENT_CHILLED,1,21162,Leela Patel,9504901732,leela.patel@example.com,2026-05-21,HIGH,ACTIVE,,0,2024-07-18 00:00:00,
718,OUT00718,Shree Stores,,GT,KIRANA,Pune,Maharashtra,1,436769,8.681716,69.390647,108,38,2024-11-09,554000.0,7,27ABCDE4726F1Z1,AMBIENT,0,1605,Tara Ghosh,9663191272,tara.ghosh@example.com,2026-04-23,LOW,ACTIVE,,0,2024-11-09 00:00:00,
719,OUT00719,Green Stores,,GT,GENERAL_STORE,Gurugram,Haryana,3,310899,12.901007,76.427684,24,82,2019-10-25,67000.0,7,09ABCDE9163F1Z6,AMBIENT,0,18229,Vikram Nair,9272053000,vikram.nair@example.com,2025-10-31,HIGH,CLOSED,2025-10-10,0,2019-10-25 00:00:00,
720,OUT00720,Sri Trading Co,,MT,MINI_MARKET,Bengaluru,Karnataka,2,473884,12.00943,88.351362,49,20,2024-10-24,670000.0,0,13ABCDE8606F1Z2,AMBIENT,0,24881,Ritu Reddy,9603924394,ritu.reddy@example.com,2025-01-19,HIGH,CLOSED,2025-05-14,0,2024-10-24 00:00:00,
721,TST00001,ZZ_TEST_OUTLET,,HORECA,CAFE,Guwahati,Assam,4,270904,29.596703,88.761554,132,91,2020-05-12,798000.0,14,06ABCDE1525F1Z0,AMBIENT,1,21009,Anil Dutta,9169852364,anil.dutta@example.com,2026-05-18,LOW,ACTIVE,,0,2020-05-12 00:00:00,
722,TST00002,DO NOT USE - migration dummy,,HORECA,CAFE,Guwahati,Assam,4,270904,29.596703,88.761554,132,91,2020-05-12,798000.0,14,06ABCDE1525F1Z0,AMBIENT,1,21009,Anil Dutta,9169852364,anil.dutta@example.com,2026-05-18,LOW,ACTIVE,,0,2020-05-12 00:00:00,
723,TST00003,TEST KIRANA 01,,HORECA,CAFE,Guwahati,Assam,4,270904,29.596703,88.761554,132,91,2020-05-12,798000.0,14,06ABCDE1525F1Z0,AMBIENT,1,21009,Anil Dutta,9169852364,anil.dutta@example.com,2026-05-18,LOW,ACTIVE,,0,2020-05-12 00:00:00,
724,OUT90118,Green Stores,Green Stores,HORECA,HOTEL,Guwahati,Assam,4,340245,23.072563,79.332721,31,33,2025-09-15,468000.0,14,26ABCDE3218F1Z2,AMBIENT,1,20176,Farah Mehta,9228335709,farah.mehta@example.com,2026-01-06,LOW,DELETED,,1,2023-07-18 00:00:00,
